kernel_size1,kernel_size2,cnn_internal,cnn_out,hidden_size,num_layers,dropout,learning_rate,weight_decay,batch_size,accuracy,precision,recall,f1,c11,c12,c21,c22,val_loss,train_loss,config_num,method
7,5,128,128,256,2,0.5,0.01,0.001,32,0.9146757679180888,0.9350180505415162,0.8900343642611683,0.9119718309859156,0.4726962457337884,0.030716723549488,0.0546075085324232,0.4419795221843003,"[0.4986416860060258, 0.43777115056009, 0.3927817299510493, 0.41002229668877344, 0.34525371365474933, 0.34821459289753076, 0.42019145597111096, 0.3603783796230952, 0.357401656833562, 0.3258447204575394, 0.32758164496132824, 0.2240185992735805, 0.3257406186876875, 0.33011946669130615, 0.3230987579533548, 0.32021864255269367, 0.3133214247046095, 0.31259222825368244, 0.31145961492350605, 0.31038836773597833, 0.3104658162955082]","[0.615549118004062, 0.4679065343331207, 0.4146440125098734, 0.4058502471130906, 0.4101545548800266, 0.40465531927166565, 0.4043010566948038, 0.4010032264120651, 0.4034553897200209, 0.3741038778063023, 0.3599906255575744, 0.34399859150024975, 0.40722147917205637, 0.3604964873555935, 0.3515116495616508, 0.35539993835669575, 0.34666092603495624, 0.34926738189251133, 0.3485681555713668, 0.3461550276613597, 0.34661357815970073]",0,grid_search
7,5,128,128,256,2,0.5,0.01,0.001,64,0.9351535836177476,0.9501779359430604,0.9175257731958762,0.9335664335664337,0.4795221843003412,0.0238907849829351,0.0409556313993174,0.4556313993174061,"[0.38708290633033304, 0.3383509990047006, 0.3956512458184186, 0.3586863191688762, 0.532803863286972, 0.32961514592170715, 0.35634121649405537, 0.3658304442377651, 0.34968047019313364, 0.3878435755477232, 0.31685173511505127, 0.3199085154954125, 0.32258306356037364, 0.3191855628700817, 0.31098588950493755, 0.3039121215834337, 0.31520238343407125, 0.27132319439859953, 0.3076173794620177, 0.24192804711706498, 0.18239908314803066, 0.22361327576286652, 0.25128818873096914, 0.5673543197267196, 0.3073253070606905, 0.3008648849585477, 0.29374590077820945, 0.28004174635690804, 0.2763174824854907, 0.27148380524971905]","[0.46217196186383563, 0.4028303668354497, 0.39146800790772296, 0.3941124135797674, 0.3918827519272313, 0.39268633316863666, 0.3898200203071941, 0.4118500661217805, 0.3934850189270395, 0.3938958565845634, 0.36536021891868475, 0.3524998491912177, 0.34650945482832013, 0.3489287193074371, 0.3453381519877549, 0.34480169596094074, 0.35191421526851074, 0.34362786827665387, 0.34225986435106304, 0.3126938139850443, 0.312822842010946, 0.25616774719321367, 0.3231507794875087, 0.3938559860442624, 0.40084003137819696, 0.3402753869692485, 0.32037868892604654, 0.31437142283627484, 0.3050388598983938, 0.2999126601851348]",1,grid_search
7,5,128,128,256,2,0.5,0.01,0.001,128,0.9232081911262798,0.9522058823529412,0.8900343642611683,0.9200710479573712,0.4812286689419795,0.0221843003412969,0.0546075085324232,0.4419795221843003,"[0.3417998254299164, 0.40889229045973885, 0.36050384243329364, 0.3513193229834239, 0.36328401499324375, 0.319077299700843, 0.31513845258288914, 0.31194407410091823, 0.2317605217297872, 0.2916192048125797, 0.21363389492034912, 0.3189113736152649, 0.3136833541923099, 0.30786794755193925, 0.3061339259147644, 0.3013480438126458, 0.3002328707112206, 0.29890692896313137, 0.29903796646330094, 0.2987975411944919]","[0.5211506937489365, 0.3889518714312351, 0.38505351994976855, 0.39862171537948377, 0.374302527218154, 0.36626202816312964, 0.34654166120471375, 0.3445000332413298, 0.3178031042669759, 0.333275296922886, 0.2825319017424728, 0.39820200204849243, 0.3532124604239608, 0.3472931525020888, 0.34208488012805127, 0.33530774170702154, 0.3349662883715196, 0.33174021903312567, 0.3329354055000074, 0.3295119079676541]",2,grid_search
7,5,128,128,256,2,0.5,0.01,0.0001,64,0.8822525597269625,0.8603896103896104,0.9106529209621992,0.8848080133555927,0.4300341296928328,0.0733788395904436,0.0443686006825938,0.4522184300341297,"[0.37403465018552895, 0.3617827173541574, 0.3530304607223062, 0.3707209913169636, 0.33042241720592275, 0.34783008431687074, 0.3785504646161023, 0.3392986436100567, 0.34582388663993163, 0.3289973770870882, 0.3073298931121826, 0.2781535895431743, 0.31473660469055176, 0.3163537628510419, 0.30848134440534253, 0.3131089289398754, 0.302210510653608, 0.2984906654147541, 0.2931562092374353, 0.2890740808318643, 0.2885511701597887]","[0.5154779585021915, 0.4036915187131275, 0.4142538889339476, 0.40945766324346716, 0.39806007706757746, 0.3916256147803682, 0.38790272266575787, 0.3941301807309642, 0.38895107918616495, 0.3638932246601943, 0.34612104522459436, 0.3314776129343293, 0.35304484538959735, 0.3411829884756695, 0.3415994373234836, 0.33089911802248523, 0.3291015290852749, 0.32471919330683624, 0.3146331829555107, 0.3178900204824679, 0.3117805884191484]",4,grid_search
7,5,128,128,256,2,0.5,0.01,0.0001,128,0.9436860068259386,0.9358108108108107,0.9518900343642612,0.9437819420783644,0.4709897610921502,0.0324232081911262,0.0238907849829351,0.4726962457337884,"[0.5918919179174635, 0.40911675492922467, 0.36586955189704895, 0.3503335217634837, 0.37301066517829895, 0.3659733368290795, 0.34480882353252834, 0.41294883357154, 0.3714920613500807, 0.3374241756068336, 0.3290921714570787, 0.3136567274729411, 0.33806432949172127, 0.30533329645792645, 0.2935846630069945, 0.3320884704589844, 0.30252739787101746, 0.3584796620739831, 0.32834086815516156, 0.30760660105281407, 0.29439013202985126, 0.29101582368214923, 0.281398206949234, 0.284608115752538, 0.2884669817156262, 0.28090422517723507, 0.289647423558765, 0.28410952786604565, 0.27480456564161515, 0.274923970301946, 0.2374559673998091, 0.19229448503918117, 0.2658155924744076, 0.2091398984193802, 0.20616335835721758, 0.15891054934925503, 0.16277571270863214, 0.14344102309809792, 0.17358494301637015, 0.15205497294664383, 0.39399177498287624, 0.30623240934477913, 0.28193698657883537, 0.2821924603647656, 0.28038327064779067, 0.2792026764816708, 0.27913368576102787]","[0.6300420156030944, 0.47062386165965686, 0.42208308974901837, 0.39477282672217395, 0.4175175663196679, 0.4173382773543849, 0.3978210561203234, 0.39757172176332184, 0.40160880847410724, 0.394750329581174, 0.3964079230120688, 0.39558021408138855, 0.3800172435514855, 0.3808457977844007, 0.3678179726456151, 0.37342477115717804, 0.37624483668442926, 0.3676207038489255, 0.3654236649021958, 0.35903693148584076, 0.3407198262937141, 0.3307575407353314, 0.33460904341755493, 0.32797311562480347, 0.32871203621228534, 0.3291822297103477, 0.3261657804250717, 0.3189026948177453, 0.32333322591853864, 0.3031868212150805, 0.28252071367971826, 0.2722631304553061, 0.24669974048932394, 0.2543125012607286, 0.23044730858369308, 0.2132542234930125, 0.20864057811823758, 0.22098158074147772, 0.18834779930837225, 0.20465688588041248, 0.32658920098434796, 0.3397943503928907, 0.3155091540379958, 0.313609037435416, 0.31510913597814966, 0.30604877210024634, 0.2976289048339381]",5,grid_search
7,5,128,128,256,2,0.5,0.01,0.0001,32,0.8976109215017065,0.8786885245901639,0.9209621993127148,0.8993288590604027,0.4402730375426621,0.0631399317406143,0.0392491467576791,0.4573378839590443,"[0.3951980372269948, 0.3955248233043786, 0.360421358184381, 0.39540671760385687, 0.3737589039585807, 0.4160062851327838, 0.394409178332849, 0.35282656505252374, 0.34393446960232477, 0.3399233538092989, 0.3291709540468274, 0.33554905923930084, 0.33839743200576666, 0.3223701006535328, 0.32300429768634564, 0.3115516815221671, 0.27558710742177384, 0.2929767356677489, 0.2890431939652472, 0.2842789506821921, 0.2946158554969412, 0.2843375111168081, 0.277865534704743, 0.27853142244346213, 0.27133236328760785, 0.27507810881643585, 0.2766415614521865, 0.27427376422918204, 0.27079283875046356, 0.27390806828484393, 0.26931560626535705, 0.2711313558798848, 0.2646814760836688, 0.26435147067814163, 0.2644135319825375, 0.26543823200644867, 0.25844023850831116, 0.2648032210541494, 0.2583750624096755, 0.2590464987989628, 0.26046153925585025, 0.25418816935835464, 0.25142242578846036, 0.2554791323614843, 0.25139114486448694, 0.2521979377576799, 0.252358132239544, 0.2510179482174642, 0.2669210334618886, 0.25150365540475556]","[0.46840775430654036, 0.4118385456050887, 0.4238073894697608, 0.4266635885067058, 0.4210939092392271, 0.429982184686444, 0.43282029314926174, 0.38681462757063634, 0.379985753559705, 0.3704834334326513, 0.3681196454122211, 0.36351813477548683, 0.36021484649091057, 0.35559516592007695, 0.35272526492675144, 0.3482825754944122, 0.3304540713628133, 0.3373135977396459, 0.32436211836157425, 0.33902125997525273, 0.3267090968561895, 0.31954415639241535, 0.3149327314035459, 0.3100544930520383, 0.30951559362989484, 0.31110838569249166, 0.3104665506856911, 0.3054614605551416, 0.3062903909294894, 0.3065726715281154, 0.29897578873417596, 0.3022406430858554, 0.30111414453748503, 0.3042225885120305, 0.3005884415046735, 0.30170868613728974, 0.3023515525415088, 0.2976081751738534, 0.29556999451509025, 0.29350380396301096, 0.29250418710889237, 0.29480199075557967, 0.2876767113127492, 0.2843634140197978, 0.28392202700629376, 0.28735104033892805, 0.2835552775950143, 0.28792124298034294, 0.2824200603433631, 0.28388052038622624]",3,grid_search
7,5,128,128,256,2,0.5,0.001,0.001,32,0.9129692832764504,0.96875,0.852233676975945,0.906764168190128,0.4897610921501706,0.0136518771331058,0.0733788395904436,0.4232081911262799,"[0.3766733805338542, 0.2560408715948914, 0.3376279297200116, 0.35549724914810876, 0.3524253698009433, 0.34344584923802, 0.3278968916697936, 0.32194283378846716, 0.3306869047157692, 0.32309415304299555, 0.3213106231255965]","[0.4054193837624608, 0.35988169135243603, 0.38309717471852445, 0.37609644668797654, 0.3891851688650521, 0.3700344282569307, 0.35500843326250714, 0.3480257187603098, 0.35040627465103613, 0.34557362803907105, 0.34479149318102637]",6,grid_search
7,5,128,128,256,2,0.5,0.001,0.001,128,0.9266211604095564,0.996,0.8556701030927835,0.9205175600739371,0.5017064846416383,0.0017064846416382,0.0716723549488054,0.4249146757679181,"[0.3322470751073625, 0.34206615885098773, 0.18655687073866525, 0.30692888299624127, 0.3297995726267497, 0.2318082567718294, 0.337796817223231, 0.3339348766538832, 0.33242547180917525, 0.3307774497403039, 0.3283713029490577, 0.32815143797132706]","[0.4929810030893846, 0.3731155512910901, 0.33875353995597723, 0.4089912090337638, 0.3603175797245719, 0.31166428237250354, 0.39773471292221185, 0.36722196909514343, 0.36494905569336633, 0.3633361052383076, 0.35979586929985974, 0.3582470137061495]",8,grid_search
7,5,128,128,256,2,0.5,0.001,0.001,64,0.9829351535836176,0.989547038327526,0.9759450171821306,0.9826989619377162,0.4982935153583617,0.0051194539249146,0.0119453924914675,0.4846416382252559,"[0.26683473324074464, 0.40210478270755096, 0.3456958076533149, 0.32316063782748056, 0.3186522099901648, 0.19603935585302465, 0.13305720204816146, 0.10540650083738215, 0.09871349987738273, 0.184742890736636, 0.0980316830032012, 0.09259429804104216, 0.06773163433022358, 0.10021740548750933, 0.06819141634246882, 0.095365950728164, 0.09226991537520114, 0.07064328539897413, 0.06677763177739347, 0.06670885116738431, 0.05381471548667725, 0.06344457767794237, 0.06166465427069103, 0.06637107391896493, 0.07509836938013048, 0.062178704312399906, 0.058827625779325474, 0.0574416749398498, 0.058382456464802515, 0.05836799135431647]","[0.422136193197785, 0.3834858878769658, 0.38537747796737787, 0.3690631127718723, 0.3231319430651087, 0.2710570598190481, 0.20497479312347644, 0.15864261584074207, 0.13503504533207777, 0.13886747057690765, 0.16705456844559222, 0.1276834768553575, 0.1123888332566077, 0.11250662354921753, 0.10046685845450018, 0.08708030634531469, 0.07799817800916957, 0.06882149504610535, 0.07031362894640276, 0.07122834690028068, 0.0751582645162037, 0.060899525147044296, 0.06633368292541215, 0.06729713292566664, 0.0664407864184768, 0.07275627902003401, 0.06575943516906012, 0.06419035954626673, 0.0657592533353829, 0.06269348168632749]",7,grid_search
7,5,128,128,256,2,0.5,0.001,0.0001,32,0.9283276450511946,0.973384030418251,0.8797250859106529,0.924187725631769,0.4914675767918088,0.0119453924914675,0.0597269624573378,0.4368600682593856,"[0.3314045441873146, 0.2333694357763637, 0.257845271265868, 0.3751343104875449, 0.3111474839123813, 0.3533823097294027, 0.3107496247147069, 0.30885553540605487, 0.3053574354359598, 0.3072633639429555, 0.3064112762610118]","[0.4229547753930092, 0.36313959154667275, 0.3633800857897961, 0.36852656033906067, 0.3619247620755976, 0.3565690936238477, 0.3444205144363822, 0.33847955151489284, 0.3358414981401328, 0.3343997217263236, 0.334663324848269]",9,grid_search
7,5,128,128,256,2,0.5,0.001,0.0001,128,0.9522184300341296,0.99250936329588,0.9106529209621992,0.949820788530466,0.5,0.0034129692832764,0.0443686006825938,0.4522184300341297,"[0.33512887689802384, 0.3178066180811988, 0.22569478551546732, 0.24846790234247842, 0.16524061726199257, 0.2113623403840595, 0.14720402740769917, 0.2879142264525096, 0.2101886123418808, 0.5106852518187629, 0.3404527505238851, 0.33573475148942733, 0.33335309227307636, 0.33208919233746, 0.3299463755554623, 0.32968777418136597]","[0.45785148577256635, 0.36402904626094934, 0.31686515428803186, 0.34212946078994055, 0.26602031832391565, 0.2590226801958951, 0.29745462356191693, 0.29094929067474423, 0.2503934556787664, 0.31119192290035164, 0.40371262124090485, 0.3692076179114255, 0.36401788032416144, 0.3582653556809281, 0.36046003392248444, 0.3608389858043555]",11,grid_search
7,5,128,128,256,2,0.5,0.001,0.0001,64,0.9522184300341296,0.9646643109540636,0.9381443298969072,0.951219512195122,0.4863481228668942,0.0170648464163822,0.030716723549488,0.4658703071672355,"[0.6269394930671243, 0.4935702173148884, 0.3868590549511068, 0.3400210159666398, 0.3201480788343093, 0.40312109799946055, 0.34678832047125874, 0.33698028939611774, 0.31541725993156433, 0.30716366452329297, 0.30214288217179913, 0.22649677010143504, 0.19693506596719518, 0.18225192673066082, 0.34109100085847516, 0.30988994240760803, 0.1873978201080771, 0.15653592611060424, 0.09394948053009369, 0.10849603791447247, 0.12945455444209716, 0.2523226948345409, 0.20881513988270478, 0.18437007464030208, 0.1884371958234731, 0.17104425631901798, 0.16346045320524888, 0.16799888672197566]","[0.4888165599920533, 0.572195877179955, 0.4736482839692723, 0.40102252838286484, 0.3707548768231363, 0.353524337663795, 0.45057508304263605, 0.37211493583339633, 0.35941122314243606, 0.34056281275821454, 0.32146242102890304, 0.3074470634261767, 0.2705381598436471, 0.2774673815477978, 0.3014750693444953, 0.32864096760749817, 0.290313989601352, 0.22901847348971802, 0.2176491543650627, 0.2384808867266684, 0.1835183881110314, 0.30796251276677306, 0.25716839493675664, 0.21895306117155336, 0.21472849290479312, 0.20246313681656664, 0.2019434357344201, 0.19609925907218095]",10,grid_search
7,5,128,128,256,2,0.5,0.0001,0.001,32,0.953924914675768,0.9925373134328358,0.9140893470790378,0.9516994633273704,0.5,0.0034129692832764,0.0426621160409556,0.4539249146757679,"[0.3743826412793362, 0.3415575415799112, 0.24620386100176608, 0.16815473997231686, 0.14686329899863762, 0.1616467640481212, 0.11867138365227164, 0.13651216944510286, 0.15624850356217587, 0.12375380064953458, 0.1318789471618154, 0.17224624132116637, 0.12855314367422552, 0.1610912735940832, 0.16719611751084978, 0.16488342534637812]","[0.5226719372651794, 0.37398240094383556, 0.3387245549397035, 0.27891613650276803, 0.1868560304300803, 0.18552764488214796, 0.2032748847409631, 0.20381807856205286, 0.28785528160744545, 0.17589653692575116, 0.1863242040924502, 0.12436824379432382, 0.12761857260413695, 0.11475789470767433, 0.1381032836313049, 0.12515842669050803]",12,grid_search
7,5,128,128,256,2,0.5,0.0001,0.001,128,0.9658703071672357,0.985663082437276,0.9450171821305842,0.9649122807017544,0.4965870307167235,0.0068259385665529,0.0273037542662116,0.4692832764505119,"[0.5826939741770426, 0.5008766717380948, 0.3809555007351769, 0.3513345718383789, 0.33686478601561654, 0.33921950724389816, 0.3256242209010654, 0.16987965421544182, 0.15071469876501295, 0.28365810049904716, 0.17618860966629452, 0.19526096185048422, 0.11228810995817184, 0.10899193667703205, 0.13966523855924606, 0.1256617945101526, 0.14914894766277736, 0.14348214285241234, 0.11795327812433243, 0.1359254088666704, 0.13256754477818808, 0.12488002412849003, 0.12455757955710094]","[0.6172839059974208, 0.54512747760975, 0.44016070799394086, 0.3853449586665992, 0.37075279517607257, 0.3583541124156027, 0.3495762131430886, 0.298825767455679, 0.2071030011231249, 0.2456947829235684, 0.2560051038409724, 0.1722089187665419, 0.1628389602357691, 0.1457558317166386, 0.19120520601669946, 0.19792333403320023, 0.17337331175804138, 0.167028699408878, 0.13548656157923467, 0.12763642824508928, 0.12759935788132928, 0.12841928727699048, 0.12097892108740228]",14,grid_search
7,5,128,128,256,2,0.5,0.0001,0.001,64,0.969283276450512,0.989247311827957,0.9484536082474226,0.968421052631579,0.4982935153583617,0.0051194539249146,0.0255972696245733,0.4709897610921502,"[0.4968918947612538, 0.3573996827882879, 0.33651021298240213, 0.33606839530608235, 0.3033142379101585, 0.3108922155464397, 0.29275720172068653, 0.1964382371481727, 0.13584278480095022, 0.2577560123275308, 0.1479075748254271, 0.13254360241048477, 0.1122725441613618, 0.2446299712447559, 0.12285178045139593, 0.1257273331284523, 0.09042910168714383, 0.09574671275913715, 0.09509284684763235, 0.15700151267297127, 0.08762446155442911, 0.08781728877083343, 0.09509575892897214, 0.1210903645876576, 0.09062010970185785, 0.0806695996400188, 0.07724753416636411, 0.08245056582724347, 0.08547497946111594, 0.08664240699042292, 0.08470653589157497, 0.08023403437041185, 0.0778566220884814, 0.07889831307179787, 0.08006996266982135, 0.0801186786745401]","[0.5806674252856862, 0.4203803597977667, 0.36895073476162826, 0.35532031524361984, 0.33121458012046234, 0.31542512785756227, 0.32639399193453067, 0.28025059266523883, 0.1861453005536036, 0.34198422808990336, 0.24280010795954501, 0.1590281157669696, 0.14008121463385495, 0.16989451054144988, 0.15089734829962254, 0.14299204810099167, 0.1415672448435516, 0.1413997279084993, 0.1486846972256899, 0.14891050789843907, 0.14698755007350084, 0.11689566820859909, 0.13756204819814724, 0.13312644957367217, 0.11505182632104013, 0.0824378492084868, 0.09018865552251086, 0.08979485429484736, 0.09359038155525923, 0.09152363788223628, 0.09476765880191867, 0.0856579223534826, 0.08981315091703877, 0.0908637045120651, 0.08846095218464281, 0.08588318701720599]",13,grid_search
7,5,128,128,256,2,0.5,0.0001,0.0001,64,0.931740614334471,0.9960474308300395,0.865979381443299,0.9264705882352942,0.5017064846416383,0.0017064846416382,0.0665529010238907,0.4300341296928328,"[0.4600154003676246, 0.35655805994482603, 0.3348448048619663, 0.3253646212465623, 0.3193671826054068, 0.1748812413390945, 0.2009943500161171, 0.2596123271128711, 0.29880060781450835, 0.9577579813845017, 0.7606902718544006, 0.6833924020037931, 0.6619487860623527, 0.5608421195955837, 0.5515706661869498]","[0.5798014253377914, 0.4004350932258548, 0.3651477802883495, 0.35380496197577677, 0.3333826760450999, 0.27397826652635227, 0.22872678083226536, 0.21161484543346998, 0.16839678811304498, 0.3501323683921135, 0.8591933331706307, 0.7182268098448262, 0.6529716731923999, 0.603016634330605, 0.538505751526717]",16,grid_search
7,5,128,128,256,2,0.5,0.0001,0.0001,32,0.9812286689419796,1.0,0.9621993127147768,0.9807355516637478,0.5034129692832765,0.0,0.0187713310580204,0.4778156996587031,"[0.3716671805490147, 0.3375080543937105, 0.19395434924147345, 0.1982564680052526, 0.16944324292919852, 0.10716973448341544, 0.2747320153496482, 0.18863149258223447, 0.34005941224820685, 0.09043231995945628, 0.17408849253798975, 0.11307800262037551, 0.24016156341090347, 0.11514460464770143, 0.07833883499331547, 0.0748480103458419, 0.06628454183087204, 0.08197825238334411, 0.12402877900185007, 0.07997729335770462, 0.07659735987809571, 0.0697042296894572, 0.0641534279354594, 0.06864402623790683, 0.06547505165817159, 0.06943630573875977, 0.07185573887192842, 0.07085858855509397, 0.07000317035073583, 0.07031735100529411, 0.07060955329374834, 0.07055192192395528]","[0.49362702814467024, 0.368247603489594, 0.2980090244814302, 0.23614139976262144, 0.24450978786317687, 0.1726253109447884, 0.17891401484269986, 0.22901652955139676, 0.19467781644991852, 0.18084996907661358, 0.3635051055444461, 0.18529790171393842, 0.2670693834396926, 0.1995214302036347, 0.1151973560000911, 0.09685259189626033, 0.09315618857120474, 0.0875155612911013, 0.08862311021904602, 0.09521726834954637, 0.11406491933192944, 0.08198049681430514, 0.08223112210433817, 0.07867703135971996, 0.0755590195062034, 0.0724122948013246, 0.07724774791153544, 0.07584320069431807, 0.07467729680832814, 0.07582003746012395, 0.07314793185584924, 0.07435826256617227]",15,grid_search
7,5,128,128,256,2,0.5,0.0001,0.0001,128,0.9658703071672357,0.9891696750902528,0.9415807560137456,0.9647887323943662,0.4982935153583617,0.0051194539249146,0.0290102389078498,0.4675767918088737,"[0.5706217818790011, 0.4447634518146515, 0.36483747760454815, 0.3418496251106262, 0.3410558733675215, 0.3351575235525767, 0.3180946310361226, 0.15295154518551296, 0.29410210251808167, 0.14773864464627373, 0.1657463659842809, 0.16279125627544191, 0.12573135644197464, 0.13831520246134865, 0.19931679964065552, 0.13922730584939322, 0.16002574976947573, 0.10781462697519197, 0.10772193761335479, 0.11457330567969216, 0.13377836181057823, 0.1049874983727932, 0.10545281858907805, 0.1107258184088601, 0.11934061720967293, 0.14170609580145943, 0.13352675322029325, 0.13763697114255694, 0.12962405963076484, 0.12155112541384167, 0.11966514007912742]","[0.6238916425993948, 0.5163606622002341, 0.40785307143673755, 0.3752688882928906, 0.36150939988367486, 0.35710176373973035, 0.3450481273008115, 0.25722965959346655, 0.25628303781603323, 0.2036157464890769, 0.23478301230705145, 0.19659686720732486, 0.18570631516702246, 0.16292444706866235, 0.12332372412537083, 0.1439711687465509, 0.14244429022073746, 0.1353765172940312, 0.11087155658187288, 0.10107179460200397, 0.10264000025662509, 0.0939397369370316, 0.09353779403097702, 0.09501351912816365, 0.10089190146236708, 0.10181721378908012, 0.10630310473568512, 0.10247178409587253, 0.10124131709788785, 0.09340875686118097, 0.09348111046534596]",17,grid_search
7,5,128,256,256,2,0.5,0.01,0.001,64,0.8703071672354948,0.8369905956112853,0.9175257731958762,0.8754098360655738,0.4146757679180887,0.0887372013651877,0.0409556313993174,0.4556313993174061,"[0.36254172114764943, 0.411015321226681, 0.3537336710621329, 0.35352833130780387, 0.3446715649436502, 0.3558959820691277, 0.33482956710983725, 0.3833461053231183, 0.3616352274137385, 0.3602325811105616, 0.3369380358387442, 0.32069117006133585, 0.3209274262189865, 0.315789636443643, 0.3146992281955831, 0.3159078605034772, 0.31848038470043855, 0.32564088702201843, 0.3110312907134785, 0.3083869148703182, 0.3065844257088268, 0.3064679258009967, 0.30845439521705403, 0.5035881400108337, 0.3689206435399897, 0.3292512034668642, 0.31864754417363333, 0.3148775065646452, 0.31489398374277, 0.3133935612790725, 0.31151073908104615]","[0.5256211080334403, 0.4177116128531369, 0.4204277906453971, 0.39888141033324326, 0.4003906855077455, 0.40072429992935876, 0.39602099313880457, 0.3861340388204112, 0.38904239056688367, 0.3922876605030262, 0.3968695413434144, 0.3631181100552732, 0.35468076666196185, 0.3566828446857857, 0.3531981085737546, 0.3500512795466365, 0.34933693729566806, 0.35093332398118393, 0.3522596971103639, 0.3503450561653484, 0.3485134392976761, 0.34875503633961535, 0.3460379685416366, 0.48025837540626526, 0.4180911657485095, 0.37960663866816147, 0.3560956206285592, 0.3493736329855341, 0.345658577978611, 0.3448033985314947, 0.3415373999512557]",19,grid_search
7,5,128,256,256,2,0.5,0.01,0.001,32,0.9795221843003412,0.9728813559322034,0.986254295532646,0.9795221843003412,0.4897610921501706,0.0136518771331058,0.0068259385665529,0.4897610921501706,"[0.4298925219160138, 0.40222398259423, 0.3615624972365119, 0.4885351847518574, 0.3825994793212775, 0.3721602667461742, 0.34271830094583106, 0.38305913227977173, 0.4202641506086696, 0.36427242602362775, 0.369136705994606, 0.33724321108875854, 0.32949996310653107, 0.32714617749055225, 0.324746186986114, 0.31556860876805853, 0.3163526125929572, 0.3160915379271363, 0.31539425615108374, 0.31254596105127624, 0.31623369590802625, 0.3072862426439921, 0.33776526920723193, 0.3140506288318923, 0.30294298538655945, 0.3138275972821496, 0.32951476989370404, 0.3171813077095783, 0.3230870740883278, 0.2480077680313226, 0.1363038890289538, 0.13484406268054788, 0.1916016104320685, 0.1264644648992654, 0.12310457263480533, 0.12027523057027296, 0.10484239272773266, 0.12226828932762146, 0.09716704115271568, 0.10004060630771247, 0.12292773541853283, 0.0949064576716134, 0.0757578525014899, 0.07208214638133843, 0.08685483947170503, 0.17703227518182812, 0.10676593468947844, 0.10499705729836767, 0.07874447671752988, 0.08721417039068359]","[0.5454544671105616, 0.4812478589063341, 0.44687721765402594, 0.44811698726632376, 0.4385466558689421, 0.4250837578014894, 0.4212804093505397, 0.4060962170814023, 0.39985891194506124, 0.4079811146313494, 0.4048866885855342, 0.3716321737703049, 0.3637607953313625, 0.3601752912456339, 0.360274926392418, 0.35309869050979614, 0.3547644399558053, 0.3525529536559726, 0.35128869274348923, 0.3535606675978863, 0.35235663921092497, 0.35078177217281226, 0.3511623211882331, 0.3460435662983042, 0.349170636724342, 0.34487378405350627, 0.3458162491971796, 0.3517360706446749, 0.34417352893135766, 0.2875263583705281, 0.20408767001759825, 0.1684250359028352, 0.207831721752882, 0.18533764861411217, 0.1628204516671372, 0.1561097165597885, 0.13662328050387176, 0.12927300165492026, 0.13304916489869356, 0.12474361794408072, 0.1559931504624811, 0.11560214474571473, 0.11120384188622913, 0.09932970584398418, 0.09551368090041885, 0.0854272015505668, 0.12967122717280732, 0.10989965326293852, 0.10224437452217733, 0.09775023589221139]",18,grid_search
7,5,128,256,256,2,0.5,0.01,0.001,128,0.9607508532423208,0.9785714285714284,0.9415807560137456,0.9597197898423818,0.4931740614334471,0.0102389078498293,0.0290102389078498,0.4675767918088737,"[0.4865366452270084, 0.34499481982654995, 0.40153857072194415, 0.35890285505188835, 0.35330092906951904, 0.3515545560253991, 0.33039917217360604, 0.3080252740118239, 0.31118688649601406, 0.3084791236453586, 0.34206901656256783, 0.3092864221996731, 0.30855799383587307, 0.3088521659374237, 0.3078265024556054, 0.3093160953786638, 0.3080724775791168, 0.3070504731602139, 0.3058469129933251, 0.30725893047120834, 0.30489786797099644, 0.30458110239770675, 0.3037891785303752, 0.3001512454615699, 0.2975246012210846, 0.28393048379156327, 0.18831864496072134, 0.16242940972248712, 0.14125124116738638, 0.14172187613116372, 0.1756373635596699, 0.14347364836268955, 0.12162138687239753, 0.13091310072276327, 0.5798675649695926, 0.15757358488109377, 0.11860369518399239, 0.3810453481144375, 0.237828372253312, 0.1868535503745079, 0.1593430091937383, 0.15432461185587776, 0.14985115743345684, 0.1488951270778974, 0.13346951786014769, 0.13315757695171568]","[0.5821370735312953, 0.4178551056168296, 0.4015302901918238, 0.3909230927626292, 0.37847828503811, 0.38986458922877454, 0.3537233810533177, 0.34901578227678937, 0.3424636486804847, 0.3555035058296088, 0.34341950353347894, 0.3575203621929342, 0.34333160971150256, 0.3463363891298121, 0.34387732274604565, 0.3439929566600106, 0.339321259747852, 0.3388745504798311, 0.341864034985051, 0.3382107136827527, 0.33873485254518915, 0.3373971355683876, 0.3349810974164443, 0.3324177098093611, 0.33209024505181745, 0.31929504058577796, 0.2741062306996548, 0.24528228943095062, 0.18532652362729563, 0.2602575827728618, 0.22880788892507553, 0.20886001374685403, 0.16066726161675018, 0.1413435572476098, 0.1769298795949329, 0.2968139187856154, 0.17052641849626193, 0.38327980560786795, 0.31764827713821875, 0.23086627188957098, 0.19430154426531357, 0.1771735300620397, 0.1718551701668537, 0.17250384548396774, 0.1644160081491326, 0.16518345226844153]",20,grid_search
7,5,128,256,256,2,0.5,0.01,0.0001,32,0.8430034129692833,0.8241042345276873,0.8694158075601375,0.8461538461538461,0.4112627986348123,0.0921501706484641,0.0648464163822525,0.431740614334471,"[0.4106873589934725, 0.3903574555209189, 0.36749639971689746, 0.39909963490385, 0.349542859377283, 0.39291004926869366, 0.3649450143178304, 0.36944438923488965, 0.3779972353667924, 0.3427136156595115, 0.34898381838292786, 0.33875045496405976, 0.33188452007192554, 0.3429453165242166, 0.32857687997095514, 0.3114832282969446, 0.3177620687267997, 0.3191810796658198, 0.3251273501099962, 0.3332642682574012, 0.3243164456251896, 0.32986681073000934, 0.32945461932456854, 0.32536252384836023, 0.3257644564816446]","[0.49267463532812666, 0.4352952241897583, 0.45740244040886563, 0.4335025702462052, 0.42737899709380034, 0.4461227912230022, 0.42722395423686865, 0.4589680452464205, 0.44028346138921653, 0.40594051710583945, 0.3933971196864591, 0.3861129745615251, 0.3800058194407911, 0.3787652837733428, 0.37266316998637083, 0.3734754803731586, 0.36719989787900087, 0.3743673587838809, 0.3735958491310929, 0.37154781039465556, 0.3602558776284709, 0.3599889415005843, 0.356653240029559, 0.36271399982047803, 0.35952838386098546]",21,grid_search
7,5,128,256,256,2,0.5,0.01,0.0001,128,0.8771331058020477,0.8613861386138614,0.8969072164948454,0.8787878787878788,0.431740614334471,0.0716723549488054,0.0511945392491467,0.4453924914675768,"[0.37895858618948197, 0.3688634435335795, 0.36352548334333634, 0.3455723689662086, 0.33722083436118233, 0.315960556268692, 0.3121180633703868, 0.31962893075413173, 0.32973023586803013, 0.33170394433869255, 0.3344060414367252, 0.2849748465749953, 0.2730584823422962, 0.2828826043340895, 0.269559105237325, 0.2744397239552604, 0.2553087936507331, 0.2567245331075456, 0.27549246450265247, 0.2567545043097602, 0.26197417742676204, 0.2603001495202382, 0.25566851761606, 0.256020188331604, 0.2571464247173733, 0.2572438402308358]","[0.5279300492821317, 0.40541312459743384, 0.3810699690471996, 0.39094014510963904, 0.39013771125764557, 0.3658615404909307, 0.39295314116911456, 0.370326300462087, 0.38248789129835187, 0.3677786353862647, 0.3698964037678458, 0.35016565160317853, 0.33343333818695764, 0.32659126953645184, 0.31815913590517914, 0.31858807576425147, 0.31284684258880036, 0.30267271399497986, 0.3061712718371189, 0.3051294427026402, 0.29956429835521814, 0.30018195645375684, 0.29822882016499835, 0.289869077277906, 0.28600926019928674, 0.2891877763199084]",23,grid_search
7,5,128,256,256,2,0.5,0.01,0.0001,64,0.984641638225256,0.993006993006993,0.9759450171821306,0.9844020797227035,0.5,0.0034129692832764,0.0119453924914675,0.4846416382252559,"[0.4114641617326176, 0.3389206581255969, 0.365458467427422, 0.37690185098087087, 0.36257922999999104, 0.3468069521819844, 0.3181060333462322, 0.324298678075566, 0.31259825738037333, 0.3134521815706702, 0.30355576031348286, 0.29985592295141783, 0.30758581967914805, 0.3036833712283303, 0.29948228071717653, 0.28382934717571034, 0.28718910234815936, 0.2815503784838845, 0.25636397477458506, 0.23538304164129145, 0.2400398999452591, 0.20868822756935568, 0.19728178399450638, 0.2053188756108284, 0.1799920753521078, 0.1934606432914734, 0.19145806089920156, 0.11973805462612826, 0.17685404901995377, 0.20996035460163565, 0.17322588624323115, 0.12302230714875109, 0.10839798958862529, 0.09336686046684489, 0.08249993118293145, 0.07352024875581264, 0.06841162548345678, 0.07017401463406928, 0.06763572919675533, 0.08086956774487215, 0.07745638281545218, 0.07577989918782431, 0.06018348136807189, 0.05211769340231138, 0.05892374624005135, 0.12657643482089043, 0.05200564779122086, 0.05420195935841869, 0.056908410645144826, 0.051991654669537264]","[0.5365383263790247, 0.4295596254594398, 0.3976465373328238, 0.39984307844530453, 0.4089134538715536, 0.39373476667837665, 0.3715123355840192, 0.35911944960102893, 0.35586966212951776, 0.3496417317426566, 0.3475082575371771, 0.3438917967406186, 0.34223452774864255, 0.33844053971044946, 0.3349317481571978, 0.32889589260924945, 0.31990167092193256, 0.3197264854203571, 0.30375295425906323, 0.29043202395692014, 0.27996139454119134, 0.2494446842959433, 0.22960547538417758, 0.21974353063287158, 0.23182937186775784, 0.20181991374402336, 0.1861571098931811, 0.18827219454176497, 0.18618988685987212, 0.15684675905063297, 0.17706915391891292, 0.1572970889057174, 0.13294292241334915, 0.114211943282774, 0.10784297267144377, 0.0948947977105325, 0.09584789497382713, 0.09624171533593626, 0.07926957796073773, 0.10642615621062843, 0.08895900543553359, 0.08138751661912962, 0.06908912269511458, 0.06834868416472366, 0.0655316219693332, 0.06560817716473882, 0.0667871235813381, 0.05683436816219579, 0.06452583206930396, 0.056962345726788044]",22,grid_search
7,5,128,256,256,2,0.5,0.001,0.001,32,0.9283276450511946,0.9494584837545126,0.9037800687285223,0.926056338028169,0.4795221843003412,0.0238907849829351,0.0477815699658703,0.4488054607508532,"[0.37755210652495874, 0.3945328611316103, 0.34289831013390515, 0.32542637306632416, 0.2748915286678256, 0.22658455575054343, 0.2275757882179636, 0.32045144339402515, 0.30991879060412897, 0.31099408277959534, 0.29686799374493683, 0.2855300311789368, 0.42719135230237787, 0.3288475460175312, 0.28276260468092834]","[0.43573381215559714, 0.37252282277878485, 0.36948528468157305, 0.37238194025827176, 0.3479570908979936, 0.35898622452761186, 0.3250262372647271, 0.35876503304550145, 0.35710111000772676, 0.3532245728102597, 0.3350632790137421, 0.32544891592679603, 0.3010567223483866, 0.3674817916118737, 0.3171782818707553]",24,grid_search
7,5,128,256,256,2,0.5,0.001,0.001,128,0.9419795221843004,0.9672727272727272,0.9140893470790378,0.939929328621908,0.4880546075085324,0.015358361774744,0.0426621160409556,0.4539249146757679,"[0.34101302093929714, 0.2701675328943465, 0.1576789692044258, 0.3406244152122074, 0.31249768204159206, 0.22480617629157174, 0.8774503866831461, 0.35972536272472805, 0.33211227258046466, 0.32353730003039044, 0.3071116507053375, 0.3030292722913954]","[0.4803815944628282, 0.34081642374847876, 0.28066272807843756, 0.4043527895754034, 0.3646258987260587, 0.2957145603317203, 0.3210982328111475, 0.5578783885999159, 0.37970532792987244, 0.3537741167978807, 0.3438093400362766, 0.33844696165937366]",26,grid_search
7,5,128,256,256,2,0.5,0.001,0.001,64,0.9658703071672357,0.9656357388316152,0.9656357388316152,0.9656357388316152,0.4863481228668942,0.0170648464163822,0.0170648464163822,0.4795221843003412,"[0.3371223649557899, 0.35055119851056266, 0.2850206345319748, 0.2681146264076233, 0.3787432050003725, 0.345866999205421, 0.29749606988009286, 0.24039644441183874, 0.29534268817480874, 0.2373479525832569, 0.47224250085213604, 0.31989219083505516, 0.3151619942749248, 0.3316421175704283, 0.2636839817552006, 0.22400258832118092, 0.19117691586999333, 0.15875821472967372, 0.16142617034561493, 0.14060863589539246, 0.19003710326026468, 0.12508372721426628, 0.18473484191824407, 0.16131313890218735, 0.13649917130961137, 0.12827836481087349, 0.11698767104569603, 0.1121763214468956, 0.12482769173734329, 0.11289780784179182, 0.12621537376852596, 0.107829068951747, 0.11674066304283984, 0.1207218398066128, 0.11602465019506567, 0.11003131178372047, 0.11030448710217196, 0.11042466058450587, 0.1127471980803153, 0.1100745538578314, 0.11009653767242152]","[0.42680450596592645, 0.3872003067623485, 0.35269555404330744, 0.34223819569204794, 0.4820221134207465, 0.3590719031565117, 0.35995217819105496, 0.2838288482391473, 0.3706829683347182, 0.331129535129576, 0.46144815037647885, 0.39524644432645856, 0.3444930414358775, 0.3523014241998846, 0.32787186336336716, 0.2861453398610606, 0.25011383403431287, 0.24387233760772328, 0.23781463966676683, 0.16909583432204794, 0.2490630503179449, 0.18910976307410182, 0.2609277822528825, 0.2012327518878561, 0.16772958771748978, 0.15174093182114037, 0.14933906913255202, 0.14714570349138795, 0.1468658491291783, 0.15087880837646397, 0.1434827878168135, 0.14260818662517, 0.14289110915904696, 0.14662213911387054, 0.1393634443820426, 0.1438141227558707, 0.1452651589431546, 0.14655392571832193, 0.1419064627226555, 0.13983908555272853, 0.14587440036914565]",25,grid_search
7,5,128,256,256,2,0.5,0.001,0.0001,64,0.9283276450511946,0.9163879598662208,0.9415807560137456,0.928813559322034,0.4607508532423208,0.0426621160409556,0.0290102389078498,0.4675767918088737,"[0.31400558966047626, 0.20730334257378297, 0.45340242631295147, 0.26529737518114205, 0.23437551014563618, 0.3408355432398179, 0.33710839467890125, 0.3331585158320034, 0.3303569537751815, 0.3280271204078899, 0.3277846890337327]","[0.433816634118557, 0.3288783449115175, 0.5071974229632001, 0.3522941962336049, 0.26476447227777855, 0.37962446248892584, 0.373207675010869, 0.36537797207182104, 0.36419126278523245, 0.36154725763833884, 0.35812856956864847]",28,grid_search
7,5,128,256,256,2,0.5,0.001,0.0001,32,0.9709897610921502,0.9756944444444444,0.9656357388316152,0.9706390328151986,0.4914675767918088,0.0119453924914675,0.0170648464163822,0.4795221843003412,"[0.34770303467909497, 0.33828866617246106, 0.3481768748976968, 0.3037877728541692, 0.2647111722917268, 0.25919890697255277, 0.33943330880367395, 0.35396146096966485, 0.3194092381181139, 0.31750286077008105, 0.30408197957457916, 0.2996854294430126, 0.2790318420439055, 0.2293536001534173, 0.14369537557164827, 0.1180475176396695, 0.12306832414910648, 0.3179391857349511, 0.12093921920115297, 0.15753736894464854, 0.1162119402804158, 0.10542213160431746, 0.1123964437706904, 0.10506231888112696, 0.11340074630623515, 0.09526054123698761, 0.11082724222179616, 0.11566119928928939, 0.10915716147671144, 0.381602584864154, 0.2416747189832456, 0.1591733032555291, 0.12195518183888811, 0.09826738576432972, 0.09768070664369699]","[0.41861442679708655, 0.3787916525069511, 0.37355460971593857, 0.35958453696785553, 0.336498981511051, 0.3261688419928153, 0.3228813321188544, 0.34930107567572233, 0.36952878060666, 0.3571399310321519, 0.34182276672711875, 0.33021173840670875, 0.3182499161498113, 0.2827535823100444, 0.24135115494330725, 0.1804868642127875, 0.21060481083325364, 0.2283430075780912, 0.18889380068602887, 0.1599671310660514, 0.1209820068272, 0.12762310736897317, 0.11659803257013361, 0.11585860827824834, 0.11393804869360545, 0.11492786322946125, 0.11618811532742146, 0.11878409736197103, 0.11649611552782131, 0.14488110387923592, 0.37231464791252755, 0.24606969808651644, 0.19309527384625239, 0.15502490702960076, 0.13996406262176056]",27,grid_search
7,5,128,256,256,2,0.5,0.001,0.0001,128,0.938566552901024,0.967032967032967,0.9072164948453608,0.9361702127659576,0.4880546075085324,0.015358361774744,0.046075085324232,0.4505119453924914,"[0.3293864130973816, 0.32846321993403965, 0.32320940494537354, 0.320207158724467, 0.7862463990847269, 0.4188641342851851, 0.3230329089694553, 0.31730615761544967, 0.3024705946445465, 0.36509667833646137, 0.3292450077003903, 0.3130426009496053, 0.2999686102072398, 0.27128756211863625, 0.35253685381677413, 0.30640929606225753, 0.25959624184502494, 0.33388013309902614, 0.29473771982722813, 0.15111559215519163, 0.3348856998814477, 0.35335323876804775, 0.32585077153311837, 0.3182189332114326, 0.31109729409217834, 0.3104316261079576, 0.30991873145103455, 0.3099539379278819, 0.3094550238715278]","[0.43519997957980994, 0.3617929355664687, 0.3484708377809236, 0.3442076821670388, 0.3226271059476968, 0.39157841648116254, 0.3748274377801202, 0.35084308006546716, 0.33487368804035766, 0.3358476920561357, 0.363347076105349, 0.34567952607617236, 0.3388647157134432, 0.31852680715647613, 0.3709684973864844, 0.3547968033588294, 0.3240406888000893, 0.33609873146721814, 0.34848720919002185, 0.28986003949786676, 0.30184956707737665, 0.3449889389854489, 0.362150664582397, 0.3550551804629239, 0.34486697659348, 0.34096476796901587, 0.3375365508325172, 0.34020042645208765, 0.33809609575705096]",29,grid_search
7,5,128,256,256,2,0.5,0.0001,0.001,32,0.9112627986348124,0.9377289377289376,0.8797250859106529,0.9078014184397164,0.4744027303754266,0.0290102389078498,0.0597269624573378,0.4368600682593856,"[0.3826794105045723, 0.33868268403139984, 0.2141063795848326, 0.24336007395477005, 0.21172776886008002, 0.42822653687361517, 0.34770487971378095, 0.3158950254772649, 0.2871514509121577, 0.2806200222535567, 0.2723198749802329, 0.26014726812189276, 0.24401039743062222, 0.24182496310183496]","[0.5047126480124213, 0.37496328353881836, 0.31647099819824553, 0.2774289726477229, 0.2297764986922795, 0.48129391269476124, 0.39189984288179514, 0.3445452508149725, 0.32437765857938566, 0.30711218618759606, 0.29665045925613603, 0.2844324734513507, 0.2752766800536351, 0.26247850483791396]",30,grid_search
7,5,128,256,256,2,0.5,0.0001,0.001,128,0.9709897610921502,0.9928057553956836,0.9484536082474226,0.9701230228471002,0.5,0.0034129692832764,0.0255972696245733,0.4709897610921502,"[0.5714695056279501, 0.49241091807683307, 0.3704986009332869, 0.34656475649939644, 0.3429879579279158, 0.3381284607781304, 0.3249531222714318, 0.31478001011742485, 0.17935584651099312, 0.16479073464870453, 0.09558195537990993, 0.1831147852871153, 0.14512263403998482, 0.2137780785560608, 0.32359184159172905, 0.315691265794966, 0.3112636042965783, 0.3080487648646037, 0.3051696949534946, 0.3048485351933373]","[0.6225141593904207, 0.5352622198336052, 0.44228030696059717, 0.3848388944611405, 0.3691172283707243, 0.3598368294311292, 0.35111979282263556, 0.3453067107634111, 0.27848151687419775, 0.2048119150779464, 0.1589375032168446, 0.15451929221550623, 0.17954196735764993, 0.15344163865754099, 0.4492100039214799, 0.34158605337142944, 0.33530223188978253, 0.3310963461796443, 0.3267400183460929, 0.326291457270131]",32,grid_search
7,5,128,256,256,2,0.5,0.0001,0.001,64,0.9607508532423208,0.9820143884892086,0.9381443298969072,0.9595782073813708,0.4948805460750853,0.0085324232081911,0.030716723549488,0.4658703071672355,"[0.4937659922768088, 0.3611552645178402, 0.34882768637993755, 0.33561424122137185, 0.40949205615941214, 0.30513286064652834, 0.2669580350903904, 0.399887155084049, 0.17914355064139648, 0.38353868267115426, 0.09837364799836103, 0.13263629398801746, 0.11896218052681755, 0.17658173073740566, 0.3880514590179219, 0.13333499913706498, 0.12415703911991681, 0.12979243104072177, 0.11434175468542997, 0.11814687839325737]","[0.5706055037903063, 0.4221715335593079, 0.3712938635638266, 0.35830532262722653, 0.3241691140062881, 0.3519489320390152, 0.3100436022787383, 0.23078753957242676, 0.2516594128400991, 0.16591875909855872, 0.1668348517268896, 0.18815262401194283, 0.1530933827726227, 0.17388482634542565, 0.1612879250085715, 0.2074370887130499, 0.15090983428738333, 0.13494114701946577, 0.12725784432030085, 0.11856179898886969]",31,grid_search
7,5,128,256,256,2,0.5,0.0001,0.0001,32,0.9419795221843004,0.974169741697417,0.9072164948453608,0.9395017793594306,0.4914675767918088,0.0119453924914675,0.046075085324232,0.4505119453924914,"[0.3568052970098727, 0.33890967838691943, 0.5566479572744081, 0.39028497085426794, 0.31893576410683716, 0.16862976573633426, 0.3708122151367592, 0.2669104938254212, 0.24316394103295874, 0.5260275575247678, 0.343360523834373, 0.2799824408509515, 0.20627710652170758, 0.19085754454135895, 0.19799217401128827]","[0.4932719256841775, 0.3738929382102056, 0.31642485618817084, 0.33711527556068066, 0.3561707569116896, 0.27805990099229594, 0.3138662629450361, 0.33195444399660284, 0.3154354236004027, 0.30885052283040504, 0.39264254542914306, 0.29528681900013576, 0.24233069270849228, 0.21183660338548096, 0.20182268191693406]",33,grid_search
7,5,128,256,256,2,0.5,0.0001,0.0001,64,0.9675767918088736,0.9927536231884058,0.9415807560137456,0.9664902998236332,0.5,0.0034129692832764,0.0290102389078498,0.4675767918088737,"[0.46468952473472147, 0.3581673871068394, 0.3409494880367728, 0.32249678934321685, 0.335830709513496, 0.3205660651711857, 0.30407825287650614, 0.2500438637593213, 0.13917249484973795, 0.21386389521991506, 0.1362105971750091, 0.15514100956566193, 0.19007692003951354, 0.13727635671110713, 0.19455520677215912, 0.17289108520045, 0.0962132449974032, 0.16245844127500758, 0.1373959389679572, 0.1356792395167491, 0.14968303853974624, 0.11944975462906501, 0.11648021956138752, 0.11893109867677969, 0.10656518259030931, 0.10825479600359411]","[0.5702423268195355, 0.39806690383138077, 0.3691099455410784, 0.3479025646141081, 0.3580689969839472, 0.3418293803027182, 0.3241840639349186, 0.2630285611658385, 0.2028105684527845, 0.23335620032792742, 0.19933531602675264, 0.20562509774710191, 0.17581310258670288, 0.14631409739906137, 0.12157591268645995, 0.11854350532997739, 0.10817148804551724, 0.08914394862949848, 0.12666737412412962, 0.08488176243774818, 0.12395036900698235, 0.08137252009614851, 0.08557258244378096, 0.08022843247674631, 0.08461349262771281, 0.0835924225323128]",34,grid_search
7,5,128,256,256,2,0.5,0.0001,0.0001,128,0.9658703071672357,0.985663082437276,0.9450171821305842,0.9649122807017544,0.4965870307167235,0.0068259385665529,0.0273037542662116,0.4692832764505119,"[0.5570847756332822, 0.407800641324785, 0.3532673517862956, 0.35118628210491604, 0.3350193864769406, 0.3360725674364302, 0.18152846727106306, 0.18819921877649096, 0.1559562103615867, 0.18875878635380003, 0.17680005066924626, 0.11305689397785398, 0.2558758474058575, 0.2365414864487118, 0.16110489765803018, 0.137734308011002, 0.11410400685336855, 0.12195246583885616, 0.10699692451291615, 0.1026763187514411, 0.1228793321384324, 0.09498208347294065, 0.13433459318346447, 0.13019548687669966, 0.11880269481076135, 0.12300598290231493, 0.10161839177211125, 0.11123113913668527, 0.12171325335899989, 0.12500497036510044, 0.12448986288574007]","[0.6025717023647192, 0.493148661924131, 0.39464408339876117, 0.36975249919024383, 0.36057132030978345, 0.35524593338821875, 0.30718425412972766, 0.19936237755146893, 0.18083084148891043, 0.21601957015015863, 0.18689566805507196, 0.1679610059116826, 0.28065659805680765, 0.3126799726124966, 0.23289205133914948, 0.17796833609992807, 0.15407572483474558, 0.1331393298777667, 0.12703574629444064, 0.12783261049877515, 0.12569738597129332, 0.11912727412400824, 0.118168777588642, 0.11528162737235878, 0.11567499646634767, 0.11538341460805951, 0.11115467469349052, 0.10711651171247165, 0.10952209997357744, 0.10950630993554086, 0.1089834353011666]",35,grid_search
7,5,64,128,256,2,0.5,0.01,0.001,64,0.8481228668941979,0.8098159509202454,0.9072164948453608,0.8557536466774717,0.3976109215017064,0.1058020477815699,0.046075085324232,0.4505119453924914,"[0.3542196224717533, 0.6785579639322618, 0.5645520196241491, 0.4697133811081157, 0.6022552900454577, 0.3933250325567582, 0.371866152567022, 0.3342881763682646, 0.32157424267600565, 0.3159378293682547, 0.29343481537173777, 0.28520742409369526, 0.30527062538792105, 0.32589683462591734, 0.29017805527238283, 0.28741486808832956, 0.28071974305545583, 0.28296157191781435, 0.27781889982083263, 0.28227834140553193, 0.2895386078778435, 0.30737972697790933, 0.30423805731184345, 0.287053405362017, 0.28200384623864116, 0.2835301423774046, 0.28274229519507466, 0.2824220043771407]","[0.4749448990279978, 0.40919627700791217, 0.6510563483743956, 0.5575872768055309, 0.5208403147531279, 0.5031116433215864, 0.42403456207477686, 0.3987743951606028, 0.3806765874226888, 0.37333444912325253, 0.3659408747246771, 0.3556644309199218, 0.3617024306546558, 0.35886131543101685, 0.34792950907439896, 0.343572404348489, 0.3381130307009726, 0.32701905929681024, 0.3305169190421249, 0.3270783277623581, 0.322912580361872, 0.31977976610263187, 0.32417197977051593, 0.3213107294657014, 0.32012396531574655, 0.3135355952562708, 0.31134770900914166, 0.3164561115431063]",37,grid_search
7,5,64,128,256,2,0.5,0.01,0.001,128,0.9215017064846416,0.9359430604982206,0.9037800687285223,0.9195804195804196,0.4726962457337884,0.030716723549488,0.0477815699658703,0.4488054607508532,"[0.3602112763457828, 0.30405981010860866, 0.33997893664571976, 0.36483574906984967, 0.5068707797262404, 0.35905200242996216, 0.3216913640499115, 0.3059257898065779, 0.32120640410317314, 0.2004874994357427, 0.3648725185129378, 0.30066084530618453, 0.3820243875185649, 0.3081088595920139, 0.22223715484142303, 0.22621419694688585, 0.22530832058853573, 0.2050151742166943, 0.20445969369676378]","[0.5051080033634648, 0.3856584122686675, 0.40459269375512097, 0.3732550216443611, 0.38022182204506616, 0.3914822321949583, 0.3690800495219953, 0.3463499830527739, 0.34130593276385107, 0.30915634153467236, 0.3822866915301843, 0.3531271083788438, 0.3118214033769839, 0.32136911876273877, 0.2726426409049468, 0.2500804342103727, 0.2669332727338328, 0.24949612671678717, 0.2217068879893332]",38,grid_search
7,5,64,128,256,2,0.5,0.01,0.001,32,0.8344709897610921,0.793939393939394,0.9003436426116839,0.8438003220611916,0.3873720136518771,0.1160409556313993,0.0494880546075085,0.447098976109215,"[0.3726857489708698, 0.37814444438977673, 0.5110608059348483, 0.37317826847235364, 0.35542769278540753, 0.3598365512761203, 0.35187077251347626, 0.3411252936630538, 0.349986733360724, 0.357727484721126, 0.41084034289374494, 0.36986356928493036, 0.32634514570236206, 0.3307619821844679, 0.33156305732149066, 0.3327174028663924, 0.3294666897166859, 0.3232307117996794, 0.32105680938923, 0.3211002864620902, 0.3193670077757402, 0.31702839786356146, 0.3183655815594124, 0.3181844692338597, 0.31621523833636084, 0.31457140228965064, 0.3162320558771943, 0.31598266146399756, 0.3145524841366392, 0.31401556865735486, 0.3133513859727166, 0.3260849118232727, 0.31605589751041296, 0.31162081703995215, 0.3120126006278125, 0.31383773865121783, 0.31831649758599023, 0.3123018556472027, 0.31246888050527283, 0.31310762690775323, 0.31294126041007764, 0.3129831886652744, 0.3129633601867791]","[0.5030522277635155, 0.4197775693328092, 0.45533509383147414, 0.48213920347166783, 0.44461025579860713, 0.41086659648201684, 0.4115034646608613, 0.39951827286770847, 0.4046957246733434, 0.3921425397874731, 0.40505081482908945, 0.40101714511260844, 0.37262490865859116, 0.3569427682369044, 0.35485429994084616, 0.3569362772007783, 0.3560373674739491, 0.348783842203292, 0.34927381450931233, 0.3500377925282175, 0.3461437387899919, 0.34752811175404175, 0.3502212758317138, 0.3451311955172004, 0.34708249224632076, 0.3469540530420614, 0.3463876248534882, 0.3474091640250249, 0.34768350174029666, 0.34559150819074025, 0.34576089973702573, 0.3484179795239911, 0.3399756507891597, 0.34514616937799886, 0.3412587749912883, 0.3452445530530178, 0.3413028492394722, 0.3450648784637451, 0.34071909737857903, 0.33956378732215275, 0.3384984637977499, 0.3432008611659209, 0.3422924925883611]",36,grid_search
7,5,64,128,256,2,0.5,0.01,0.0001,32,0.7081911262798635,0.655440414507772,0.8694158075601375,0.7474150664697193,0.2764505119453925,0.2269624573378839,0.0648464163822525,0.431740614334471,"[0.6341103947523868, 0.5832291073871382, 0.5617444334608136, 0.48236172036691144, 0.49894410371780396, 0.5168930833989923, 0.4945112376502066, 0.4803821290984298, 0.5119374466664863, 0.5384507910771803, 0.4974583856987231, 0.49290489066730847, 0.4777756468816237, 0.48432451576897595, 0.4995233452681339, 0.4902706200426275, 0.49012041001608875, 0.48851722117626306, 0.48800307873523596, 0.49057727149038605, 0.4896563977906198, 0.4896541653257428]","[0.6280590862487302, 0.6128780889240178, 0.5965966218800256, 0.5627763804161188, 0.5807574486190622, 0.5567434037273581, 0.5701680266947458, 0.5305581855954546, 0.5660806729486494, 0.6109065332195975, 0.6047678937514623, 0.5809080514943961, 0.5560385379375834, 0.5530557641477296, 0.5636625025760044, 0.5536571605639025, 0.5461322904536219, 0.5449607686111422, 0.5433511675307245, 0.5512543151324446, 0.5474935833251837, 0.534227340284622]",39,grid_search
7,5,64,128,256,2,0.5,0.01,0.0001,128,0.9419795221843004,0.9540636042402828,0.9278350515463918,0.940766550522648,0.4812286689419795,0.0221843003412969,0.0358361774744027,0.4607508532423208,"[0.36606329679489136, 0.351348833905326, 0.321900165743298, 0.33199774225552875, 0.3293628262148963, 0.31557512283325195, 0.3137591481208801, 0.33405372500419617, 0.3192696240213182, 0.3047230773501926, 0.33611242638693917, 0.32445885406600106, 0.30652708808581036, 0.32177380720774335, 0.2943063957823647, 0.2939132750034332, 0.29386084775129956, 0.27946854134400684, 0.2606626980834537, 0.2570510407288869, 0.25042151080237496, 0.23532317909929487, 0.20223554306560093, 0.24967828061845568, 0.20219311283694374, 0.1484842730893029, 1.2604089445537991, 0.5185815857516395, 0.3959807985358768, 0.34655219978756374, 0.33614475197262234, 0.32728161414464313, 0.3088218867778778, 0.28763176169660354, 0.2802618493636449]","[0.546942780415217, 0.38038523720972467, 0.37571038712154736, 0.3792722830266664, 0.3644882016109698, 0.3661114392858563, 0.3615454679185694, 0.37463643243818573, 0.3617910625356616, 0.3555682328614322, 0.36389269070191815, 0.35385531864383, 0.36223157156597485, 0.35896563349348126, 0.3386702871683872, 0.3241309600346016, 0.32183353331955994, 0.3179232216242588, 0.3022707908442526, 0.2868134221344283, 0.2855078234817042, 0.2684938618631074, 0.24154381815231207, 0.23674573907346436, 0.25607126635132416, 0.1963682540438392, 0.2772387530316006, 0.6439436294815757, 0.48531138716322003, 0.3941609028613929, 0.3831761045889421, 0.3723407568353595, 0.3629814350243771, 0.3453239383119525, 0.3203894193425323]",41,grid_search
7,5,64,128,256,2,0.5,0.01,0.0001,64,0.9232081911262798,0.9241379310344828,0.9209621993127148,0.9225473321858864,0.4658703071672355,0.0375426621160409,0.0392491467576791,0.4573378839590443,"[0.3814939365667455, 0.361332472632913, 0.38491751867182117, 0.32546936939744386, 0.31616174999405355, 0.3287083138437832, 0.33266181980862336, 0.33919639096540566, 0.35750412415055666, 0.31616418940179486, 0.30960164788891287, 0.31050845892990336, 0.3020784556865692, 0.29620547242024364, 0.3021274086307077, 0.28506947527913484, 0.28014901981634255, 0.2983134809662314, 0.2778405424426584, 0.2794331890695235, 0.27209921444163604, 0.26081127191291137, 0.31167320907115936, 0.2677924878457013, 0.26408617110813365, 0.27990800668211546, 0.26164039092905383, 0.26236818467869477, 0.25972632800831513, 0.25695695859544415, 0.2608458951992147, 0.2539488103459863, 0.2578536298345117, 0.25486114708816304, 0.2530863916172701, 0.25271937163437114, 0.2665933090097764, 0.24208453998846166, 0.24883551983272328, 0.2424947260057225, 0.24032267489854028, 0.23543337951688206, 0.2266582925530041, 0.2263040551367928, 0.23005182865787954, 0.2201763514210196, 0.2141499896259869, 0.20793693293543422, 0.20825549697174744, 0.2104239919606377]","[0.5102900822054256, 0.3956722319126129, 0.39147658171978866, 0.3885420249267058, 0.3845865866451552, 0.38340703601186926, 0.39400621526169055, 0.3939612869060401, 0.39516705545512115, 0.36821565460978134, 0.3535263285492406, 0.34731927988204087, 0.346427132460204, 0.33842424574223434, 0.3296347644292947, 0.32315722649747675, 0.3200469118627635, 0.32561856756607693, 0.31920861859213223, 0.32818919081579556, 0.3279652525529717, 0.3160268854011189, 0.32276356062202743, 0.31996151037288434, 0.3145156376289599, 0.30647397831533896, 0.2983749574332526, 0.297555175243002, 0.28889931535178964, 0.28860056219678937, 0.27895695196859766, 0.29262459910277167, 0.2896960908264825, 0.28606956181201065, 0.2795363176952709, 0.2795020705371192, 0.2754170973644112, 0.27137100267590897, 0.2688133546122999, 0.26293819894393283, 0.2560411660057126, 0.25464364389578503, 0.24794132002826894, 0.2480705136602575, 0.24139040053793878, 0.2399228455668146, 0.23338904694625826, 0.23173168008074616, 0.2302526148657004, 0.2292468040955789]",40,grid_search
7,5,64,128,256,2,0.5,0.001,0.001,32,0.9197952218430034,0.9420289855072465,0.8934707903780069,0.9171075837742504,0.4761092150170648,0.0273037542662116,0.0529010238907849,0.4436860068259385,"[0.5689721432599154, 0.3754572719335556, 0.36032425905718946, 0.23017717401186624, 0.43763951550830493, 0.43017185456825024, 0.33618411828171124, 0.3319130399913499, 0.32357743563074054, 0.3234504529021003, 0.32002727461583685, 0.3209763349908771, 0.32005115666172723]","[0.4040579345415939, 0.39536233618855476, 0.3938022095597152, 0.3446507753070557, 0.42235836962407286, 0.3977786676224434, 0.3780076581646096, 0.37894139732375287, 0.36229366673664615, 0.35720314932140435, 0.3527581367754575, 0.35266193679787894, 0.35015176010854315]",42,grid_search
7,5,64,128,256,2,0.5,0.001,0.001,128,0.984641638225256,0.9964788732394366,0.972508591065292,0.9843478260869564,0.5017064846416383,0.0017064846416382,0.0136518771331058,0.4829351535836177,"[0.3504585689968533, 0.2862376736270057, 0.3118796812163459, 0.3679237961769104, 0.3200450638930003, 0.31887921028667027, 0.2965187264813317, 0.2723738451798757, 0.24202494157685173, 0.21486009657382965, 0.1837722940577401, 0.2407660467757119, 0.17143193218443128, 0.16360564943816927, 0.6668613718615638, 0.18854379074441063, 0.1314955105384191, 0.11325614237123066, 0.2581692884365718, 0.11529298623402913, 0.058098755362961024, 0.06028331588539812, 0.06259585358202457, 0.1258594360616472, 0.1520405039191246, 0.05325318810840448, 0.057108448818325996, 0.0754234739061859, 0.05612287111580372, 0.09257109877136019, 0.07867082870668834, 0.06396965206497246, 0.05432845465838909, 0.055450094035930104, 0.05538605836530527]","[0.4926074869704969, 0.35537799470352405, 0.38001406012159406, 0.4090943959626285, 0.37499182603575965, 0.3476540211475257, 0.33727100220593537, 0.31271748289917456, 0.2938475247585412, 0.27033048552094086, 0.241900003769181, 0.2561173795750647, 0.24191417206417432, 0.19088333596785864, 0.1974672812855605, 0.2662034486279343, 0.20231783999638123, 0.1466532717600013, 0.10769923866698236, 0.13212301672408075, 0.11654017131888506, 0.08038912724816438, 0.06784269789403136, 0.09924533528586228, 0.1065485400683952, 0.08258807670437929, 0.07048269333035657, 0.06400012755484293, 0.06361493756147948, 0.06664700083660358, 0.06781682761555369, 0.06025091378074704, 0.061015530630494606, 0.06151679197721409, 0.06154234447714054]",44,grid_search
7,5,64,128,256,2,0.5,0.001,0.001,64,0.9607508532423208,0.9820143884892086,0.9381443298969072,0.9595782073813708,0.4948805460750853,0.0085324232081911,0.030716723549488,0.4658703071672355,"[0.33773213449646444, 0.6548644795137293, 0.5645873932277455, 0.3593726017895867, 0.3675327090656056, 0.266629241845187, 0.14963935885359259, 0.13522877237376044, 0.12393730309079676, 0.17388184500091217, 0.15005862099282882, 0.14975445980534835, 0.16057342203224406, 0.12250991428599638, 0.14537664787734256, 0.14642632708829992, 0.1371349350494497, 0.14451519224573584, 0.1313022585476146, 0.12196027049246956, 0.12105158234343809, 0.11941539934452843, 0.1190250476493555, 0.11924876447986155, 0.11910826888154535, 0.11959843469016693, 0.11881974032696556, 0.11962518402758766, 0.11866334738100276, 0.11804680482429616, 0.11799027376315173, 0.1178683472030303, 0.11771111409453784, 0.11777683303636663, 0.11775760922361822, 0.11771147391375374, 0.11730877441518447, 0.11778942407930598, 0.1170738028252826, 0.11711418409557904, 0.11719155180103638, 0.11691596972591736, 0.11943953484296799, 0.11958569858004064, 0.11942950636148453, 0.11861619835390765, 0.11895943958969678, 0.11984947060837466, 0.11993029845111511, 0.11905464486164205]","[0.4323497647137353, 0.4224825943961288, 0.6267117374774182, 0.4864665229212154, 0.3967675505713983, 0.3272568066463326, 0.23506359665682822, 0.19474795855807536, 0.21480151525501048, 0.1815882275501887, 0.23149304001620322, 0.29084383301211125, 0.20170594243840737, 0.16624139057415904, 0.17132407709053069, 0.16812841402310313, 0.16493870453401047, 0.1707277505686789, 0.16594295248840796, 0.1651218363055677, 0.1578156151103251, 0.15457449565556916, 0.1549577461837819, 0.15524689649993723, 0.1548223431137475, 0.15692150513782646, 0.1528735343705524, 0.15664219348268074, 0.15172865174033426, 0.158903837881305, 0.1523289561948993, 0.1537817929956046, 0.15151604637503624, 0.1582869276630156, 0.15566510379765974, 0.15629616515202957, 0.1499433625263698, 0.15018415005143845, 0.15328195013783194, 0.15613884873913997, 0.14952130310914732, 0.15221903484427568, 0.15392491898753427, 0.14987292163299792, 0.15731248620784644, 0.15119181065396828, 0.14765716744869045, 0.15626983096202215, 0.15201237707427054, 0.1575752514781374]",43,grid_search
7,5,64,128,256,2,0.5,0.001,0.0001,32,0.924914675767918,0.9273356401384084,0.9209621993127148,0.9241379310344828,0.4675767918088737,0.0358361774744027,0.0392491467576791,0.4573378839590443,"[0.34876584284233325, 0.31214636022394354, 0.2625717139153769, 0.32722973688082263, 0.3478275036269968, 0.2956209774270202, 0.3047710643573241, 0.27603977557384607, 0.25302616371349856, 0.22980976894949423, 0.2566938644105738, 0.36457624128370575, 0.3258338800885461, 0.30322763685024146, 0.29985347525639966, 0.29156826120434387, 0.2809623091509848, 0.2665797571341197, 0.264492313970219]","[0.3983140548296047, 0.3532425490292636, 0.37792291085828433, 0.3931220250599312, 0.35632082786072383, 0.35256528865658876, 0.34795490245927463, 0.3193530617564013, 0.29713533147040644, 0.28766474325322744, 0.2634510225193067, 0.4300858787627834, 0.3642643823316603, 0.33792335709387605, 0.3227147047944141, 0.31541467503164755, 0.3071584008972753, 0.29950907228119444, 0.29804437432551023]",45,grid_search
7,5,64,128,256,2,0.5,0.001,0.0001,64,0.909556313993174,0.9219858156028368,0.8934707903780069,0.9075043630017452,0.4658703071672355,0.0375426621160409,0.0529010238907849,0.4436860068259385,"[0.35239118512939005, 0.33492405274335074, 0.3415340763681075, 0.35056574730312123, 0.33525345693616304, 0.3192588862250833, 0.2913170088739956, 0.2317294215454775, 0.32690317665829377, 0.2972069040817373, 0.32409703205613527, 0.31281932311899524, 0.3102596542414497, 0.3071804835515864, 0.30523325941141916, 0.30195413003949556, 0.3014780914082247]","[0.4288608813376138, 0.40872897614132275, 0.39032925992752565, 0.3981554081494158, 0.3494718090602846, 0.37447920396472467, 0.3130876293236559, 0.3129999497623155, 0.3731400668621063, 0.34425020533980744, 0.3275155316699635, 0.3483799842722488, 0.3339451946543925, 0.32956643199378793, 0.3262402458172856, 0.3277083615010435, 0.32439968396316876]",46,grid_search
7,5,64,128,256,2,0.5,0.001,0.0001,128,0.9658703071672357,0.975438596491228,0.9553264604810996,0.9652777777777778,0.4914675767918088,0.0119453924914675,0.0221843003412969,0.4744027303754266,"[0.3730739388200972, 0.3666883077886369, 0.35926280087894863, 0.3101091848479377, 0.18195788231160906, 0.36448439955711365, 0.32129430439737106, 0.2711686094601949, 0.23069943487644196, 0.18348111708958945, 0.486220164431466, 0.15374734418259728, 0.14373009651899338, 0.09693446920977698, 0.09731808553139369, 0.0617975244919459, 0.16390808506144416, 0.297397095296118, 0.12079500903685887, 0.08280155435204506, 0.07781295333471563, 0.08740087846914928, 0.09113437020116383, 0.11414669536881977, 0.11670919590526158]","[0.45382746331619495, 0.37180750388087647, 0.34697069724400836, 0.35075221955776215, 0.27928949892520905, 0.3476480243332458, 0.36815441286925116, 0.3317437889901074, 0.28850314382350806, 0.21360627900470386, 0.2205537844336394, 0.20652974825916867, 0.2027771407456109, 0.15169496337572733, 0.1382981100768754, 0.12384589422832835, 0.12391275935100787, 0.16910067719943594, 0.16972292372674652, 0.10898824295762813, 0.10183540212385582, 0.09443979642607948, 0.0921916151137063, 0.09781282146771748, 0.09114466291485411]",47,grid_search
7,5,64,128,256,2,0.5,0.0001,0.001,32,0.9726962457337884,1.0,0.9450171821305842,0.9717314487632508,0.5034129692832765,0.0,0.0273037542662116,0.4692832764505119,"[0.3723200523492062, 0.3474832439061367, 0.39304386395396607, 0.20107110499432593, 0.16483603688803586, 0.14057208913745303, 0.19597910954193634, 0.1223617432018121, 0.13567122049403912, 0.10179871760986069, 0.13339439706143105, 0.45397985342777136, 0.28231389888308267, 0.10384803914436788, 0.0793718056696834, 0.10839879749850793, 0.07891318196374358, 0.08642206950621172, 0.2279405864802274, 0.11800312764491096, 0.12580090236257424, 0.1230784956027161, 0.1165130834913615, 0.10208921744064851, 0.10318628625210488, 0.09795684203731292]","[0.541813915651856, 0.3805724006484855, 0.3340065769964095, 0.2932712734874451, 0.24100600290253307, 0.2050359690505447, 0.1996448841792616, 0.19930420048309094, 0.1747922023588961, 0.18492556433898932, 0.16388244698332113, 0.15205959205261685, 0.1541354079363924, 0.16280338159677657, 0.10593779150848136, 0.1534550042794735, 0.09937181661018368, 0.09151421382910374, 0.14749526046216488, 0.08978165797607014, 0.08844181181242068, 0.08179553946000383, 0.08371951181272214, 0.08167007357361868, 0.08155354312056619, 0.08189522602002729]",48,grid_search
7,5,64,128,256,2,0.5,0.0001,0.001,128,0.955631399317406,0.988929889298893,0.9209621993127148,0.9537366548042704,0.4982935153583617,0.0051194539249146,0.0392491467576791,0.4573378839590443,"[0.5849724875556098, 0.5165416399637858, 0.38913335733943516, 0.3531823688083225, 0.3523090249962277, 0.3375357720586989, 0.3310522238413493, 0.27225138743718463, 0.3472807076242235, 0.1616737941900889, 0.13303006357616848, 0.16703348524040645, 0.16728011435932583, 0.13531075749132368, 0.1424148976802826, 0.17888541519641876, 0.09496710739201969, 0.11515464012821515, 0.11402345531516606, 0.15064645806948343, 0.19995081590281594, 0.18690713412231869, 0.17014586842722362, 0.1584482250942124, 0.1465287349290318, 0.14575431247552237]","[0.6208255110364972, 0.5480362827127631, 0.45107923312620685, 0.38904448892130994, 0.3735389095364195, 0.36398234060316376, 0.3551154506928993, 0.3038262015942371, 0.19892254674976523, 0.24902471990296335, 0.1465143422511491, 0.12126820974729279, 0.22699656721317407, 0.22535100443796677, 0.15827760416449924, 0.14644505241603561, 0.12320700536171596, 0.11425925983172475, 0.11925870326883865, 0.151925862851468, 0.15089422204729283, 0.1530574280204195, 0.14531909358320813, 0.1363135553670652, 0.13182642649520526, 0.12432100533535986]",50,grid_search
7,5,64,128,256,2,0.5,0.0001,0.001,64,0.9641638225255972,0.9963235294117648,0.9312714776632304,0.9626998223801064,0.5017064846416383,0.0017064846416382,0.0341296928327645,0.462457337883959,"[0.5282341855413774, 0.37476087843670564, 0.352320497526842, 0.340820791090236, 0.3463487800429849, 0.30416327013688926, 0.1836920792565626, 0.21857029550215779, 0.4686599110855776, 0.24250528216362, 0.20630897450096466, 0.1790859778137768, 0.1645247774089084, 0.14297766063143225, 0.19420443080803929, 0.12478391826152802, 0.1511501801364562, 0.12365030584966435, 0.1281358089078875, 0.17898299194434109, 0.11644576117396355, 0.16228824503281536, 0.18600384145975113, 0.12064909299506861, 0.11096349884481992, 0.11490004947956871, 0.10991076226620113, 0.10768070663599406, 0.11127136779182098, 0.08721494543201783, 0.14687349866418278, 0.13575310413451755, 0.13370566333041473, 0.09582936106359258, 0.08615698007976308, 0.09622518269016463, 0.08851631621227544, 0.09521237212945433, 0.08924337827107486, 0.092356786789263, 0.09279747362084248, 0.09440555653589613, 0.09520325491971829, 0.09515763030332677]","[0.5895149739402713, 0.4389664178544825, 0.3731185680989063, 0.35451544414867053, 0.3242977320244818, 0.33752893882267404, 0.29254823245785455, 0.21217520794633662, 0.26187400452115317, 0.2719130730538657, 0.2337035174396905, 0.1675040036665671, 0.15991485423662447, 0.14628893757859865, 0.14494153349237007, 0.13669601573862813, 0.12774342637170444, 0.12035902307340593, 0.11844360760667107, 0.12135679760214055, 0.1099514543558612, 0.1018898958961169, 0.1095608247048927, 0.09698260383624019, 0.10201377754635883, 0.09721092304045503, 0.09265567537284258, 0.09234401465139606, 0.08687717402636101, 0.09055449525741013, 0.08694076354643612, 0.08233662418118029, 0.08433040866458957, 0.09296687980267135, 0.07499114455034335, 0.07916580829204935, 0.08840935324516261, 0.08030233557590029, 0.07784569291680148, 0.083544622852721, 0.08107969266447154, 0.07691856510372776, 0.08269511657117894, 0.07909941427748311]",49,grid_search
7,5,64,128,256,2,0.5,0.0001,0.0001,32,0.9573378839590444,0.996268656716418,0.9175257731958762,0.9552772808586762,0.5017064846416383,0.0017064846416382,0.0409556313993174,0.4556313993174061,"[0.37239217351783405, 0.3486030413345857, 0.1985464920148705, 0.3162725856809905, 0.3052337955344807, 0.23107106170871042, 0.12269477343017404, 0.47827310092521436, 0.26095890231204755, 0.14903390791380045, 0.17047884382984854, 0.14062670956958423, 0.13466176729310642, 0.13761257188338222, 0.137929030552958, 0.13811565958189242]","[0.5060867615269892, 0.37222612795956206, 0.27536212503345625, 0.2874158781134721, 0.24961626981243942, 0.21433578626337377, 0.17526788103648208, 0.2154285013816799, 0.21512876044620166, 0.2025765755750013, 0.24348403547297826, 0.16657352249956492, 0.21868791688007838, 0.15927331807148276, 0.16196181848080773, 0.15752286665762463]",51,grid_search
7,5,64,128,256,2,0.5,0.0001,0.0001,64,0.955631399317406,0.9925650557620818,0.9175257731958762,0.9535714285714286,0.5,0.0034129692832764,0.0409556313993174,0.4556313993174061,"[0.48691176842240724, 0.3857400382266325, 0.37532108671524944, 0.3530780462657704, 0.23753892849473393, 0.142516252310837, 0.138449294383035, 0.14535045054029017, 0.4218345354585087, 0.3405604888411129, 0.3090771576937507, 0.305501343572841, 0.30103925571722145, 0.29655397902516756, 0.2912649205502342, 0.29057780521757465]","[0.5793386652614131, 0.4042927821477254, 0.36841516422502923, 0.3499488819277648, 0.323945758469177, 0.20030587855162044, 0.17415819802519047, 0.19356713793946034, 0.46070008713639143, 0.35705560061967734, 0.31897643073038623, 0.30632354025587893, 0.3057208320859707, 0.2998872290958058, 0.2942374258330374, 0.2907551899552345]",52,grid_search
7,5,64,128,256,2,0.5,0.0001,0.0001,128,0.9453924914675768,0.9961685823754788,0.8934707903780069,0.9420289855072465,0.5017064846416383,0.0017064846416382,0.0529010238907849,0.4436860068259385,"[0.5866766042179532, 0.4735090600119697, 0.3767783045768738, 0.3527008295059204, 0.33734489811791313, 0.33296997017330593, 0.2719625383615494, 0.26258661846319836, 0.27522386610507965, 0.18111856198973125, 0.505960633357366, 0.22018645538224113, 0.34063394202126396, 0.3905157711770799, 0.19898848649528292, 0.13894203388028675, 0.23695924050278133, 0.16764681372377607, 0.24714244405428568, 0.23624649312761095, 0.20947521676619849, 0.20833365619182587, 0.20354197836584514, 0.20368715127309164, 0.20323067489597532]","[0.6265245206428297, 0.527346875631448, 0.4111201447067839, 0.37925955653190613, 0.3625262677669525, 0.3519529528690107, 0.3272671690492919, 0.2403986295967391, 0.2420925037427382, 0.18286620960994202, 0.17057743228294633, 0.1810259333614147, 0.15025216939322877, 0.1537299667569724, 0.12348999963565306, 0.10940436680208553, 0.10757985778830269, 0.11250084977258336, 0.10903885497739821, 0.10189005698670041, 0.10772275394110968, 0.10269784080711278, 0.10228736980846434, 0.10977194367936163, 0.10032963289907484]",53,grid_search
7,5,64,256,256,2,0.5,0.01,0.001,32,0.8003412969283277,0.7364130434782609,0.9312714776632304,0.8224582701062215,0.3378839590443686,0.1655290102389078,0.0341296928327645,0.462457337883959,"[0.37161357339584467, 0.3752467686479742, 0.3779290183023973, 0.38415269689126447, 0.36731205293626495, 0.3705898157574914, 0.3576412959532304, 0.6136348482334253, 0.6479806349133, 0.65457212563717, 0.616824161825758, 0.626466329350616, 0.5882204906506971, 0.593583190982992, 0.6056709163116686, 0.603635190111218]","[0.4672270317872365, 0.4263829028967655, 0.4265075786547227, 0.41910919084241893, 0.41426514326171443, 0.4035005590906649, 0.4113207447032134, 0.42591711946509103, 0.6790044976003242, 0.6610270688931147, 0.6375460466652205, 0.6164851152535641, 0.6121309720205538, 0.6124194406650283, 0.6092915166959618, 0.6095723670088884]",54,grid_search
7,5,64,256,256,2,0.5,0.01,0.001,128,0.9129692832764504,0.9166666666666666,0.9072164948453608,0.911917098445596,0.462457337883959,0.0409556313993174,0.046075085324232,0.4505119453924914,"[0.3286992377705044, 0.34346484144528705, 0.3414074215624068, 0.34733768966462875, 0.34356557991769576, 0.32025092509057784, 0.315392490890291, 0.3149307138390011, 0.3127964205212063, 0.2944382694032457, 0.33882694443066913, 0.31883606645796037, 0.31085825628704494, 0.2900581790341271, 0.25725601779090035, 0.3699553410212199, 0.32370803091261124, 0.31809422704908585, 0.30744321478737724, 0.30720070997873944, 0.307210279835595, 0.30667596724298263, 0.30588876869943404, 0.30592960119247437]","[0.4918180135163394, 0.3903344120040084, 0.3782458874312314, 0.38223086432977155, 0.38955804073449335, 0.36891314116391266, 0.35016939676169195, 0.352838214599725, 0.34721354553193756, 0.34293631080425147, 0.4078428031820239, 0.3594740963343418, 0.3460867124976534, 0.33800452857306507, 0.32985949019591015, 0.3480346252520879, 0.3776002553376285, 0.3551660712921258, 0.3486685888333754, 0.3431039840886087, 0.342445047064261, 0.3402149745009162, 0.3375681665810672, 0.34155974198471417]",56,grid_search
7,5,64,256,256,2,0.5,0.01,0.001,64,0.9744027303754266,0.9791666666666666,0.9690721649484536,0.9740932642487048,0.4931740614334471,0.0102389078498293,0.015358361774744,0.4812286689419795,"[0.3907412378227009, 0.33648046149927024, 0.3352749838548548, 0.3342851917533314, 0.3616419189116534, 0.35137105864637036, 0.34025854222914753, 0.4298987318487728, 0.3266308325178483, 0.3147521097870434, 0.3180549723260543, 0.314031159176546, 0.3339736882378073, 0.32065075811217814, 0.3185657420579125, 0.3120008075938505, 0.30380036287447987, 0.6707518381230971, 0.5232587894972633, 0.3661898882950054, 0.3433925193898818, 0.3254232091062209, 0.32294922716477337, 0.31142666059381824, 0.26837552032049966, 0.22880353734773748, 0.1931773428531254, 0.1678483692162177, 0.1775046648348079, 0.20993612356045666, 0.1632356288678506, 0.15476783715626774, 0.18897737562656403, 0.15064755827188492, 0.14795923495993896, 0.1147316128892057, 0.15955407479230097, 0.127387033227612, 0.219829760491848, 0.10616916352335144, 0.14750529759946993, 0.10903001971104566, 0.09779534532743342, 0.1330953759743887, 0.10121805155101944, 0.11267827933325487, 0.34196289847878847, 0.3387390234891106, 0.3355890319627874, 0.33236299192204194]","[0.4515941594586228, 0.40095816191398737, 0.38605276066245453, 0.3969007125406554, 0.40289950235323474, 0.38908813126159436, 0.38298940432794165, 0.3841812475161119, 0.36097426306117664, 0.35002742978659546, 0.3523298917394696, 0.34656950763680716, 0.3461298296848933, 0.3423717331254121, 0.34450188414617017, 0.33939306325081625, 0.33169294306726166, 0.54567291034442, 0.6149281380754529, 0.49610928017081635, 0.42002585304505896, 0.3757753119324193, 0.37399615121610236, 0.3706129410050132, 0.34965519245826837, 0.3224573277614333, 0.2920424619858915, 0.2701926373622634, 0.2623875734932495, 0.34577010278448916, 0.26486259134429874, 0.22791491798830754, 0.2311527870143905, 0.23909063682411658, 0.20664558469346075, 0.21209439917495757, 0.2007048303882281, 0.20421238751573997, 0.20898253007820158, 0.20894091215097543, 0.2772511991136002, 0.18707088810024838, 0.18193313947907, 0.1859881136227738, 0.16306936763452762, 0.24713420038196174, 0.4249622432345694, 0.3800554636752967, 0.3759133332606518, 0.3734074067888838]",55,grid_search
7,5,64,256,256,2,0.5,0.01,0.0001,64,0.8720136518771331,0.8417721518987342,0.9140893470790378,0.8764415156507414,0.4180887372013652,0.0853242320819112,0.0426621160409556,0.4539249146757679,"[0.38463014188934774, 0.36233796266948476, 0.35141150215092826, 0.34889742907355814, 0.33271849506041584, 0.3348154662286534, 0.3623145871302661, 0.331767721211209, 0.33858774777720957, 0.3424322009086609, 0.368820178158143, 0.42322847773047056, 0.3126462978475234, 0.3114678053294911, 0.3077341633684495, 0.3080412692883435, 0.3045857618836796, 0.3077843241831836, 0.29551707471118255, 0.2766583693378112, 0.3259071602540858, 0.3232158238396925, 0.316471707294969, 0.3300715684890747, 0.310926657389192, 0.3062903688234441, 0.3050188474795398, 0.30089567514026866, 0.30001329499132495]","[0.5110290971669283, 0.3901975294857314, 0.41198528399973205, 0.3901415580149853, 0.38772378613551456, 0.37913828681815753, 0.38783296446005505, 0.39127753945914184, 0.3838938542387702, 0.3857526738535274, 0.39008301406195667, 0.3787470168688081, 0.36757901830203604, 0.3510097786784172, 0.3462968177416108, 0.3404109328985214, 0.33908092366023496, 0.33620839317639667, 0.3298333332394109, 0.3202737048268318, 0.33962399602839444, 0.34559836012847495, 0.34062880187323596, 0.33963482714060583, 0.3317053351889957, 0.32539277185093274, 0.3248033245856112, 0.32222663407975977, 0.32050631466236984]",58,grid_search
7,5,64,256,256,2,0.5,0.01,0.0001,32,0.9658703071672357,0.9531772575250836,0.979381443298969,0.9661016949152542,0.4795221843003412,0.0238907849829351,0.0102389078498293,0.4863481228668942,"[0.4080955223603682, 0.4343294103940328, 0.37879491755456635, 0.6134772987076731, 0.34019679643891076, 0.357080086162596, 0.3950215112982374, 0.3695929100116094, 0.3451040938045039, 0.3304361854538773, 0.34030260868144757, 0.32677813054937305, 0.3224293368332314, 0.3229703185233203, 0.3204744187268344, 0.31389164382761175, 0.3119183128530329, 0.30356455075018335, 0.30384840567906696, 0.3085765400619218, 0.31029814526890265, 0.28778412305947504, 0.2769812738353556, 0.2828479165380651, 0.2756177773981383, 0.2978229734933738, 0.27472687354593567, 0.29225827663233783, 0.2815278014450362, 0.2376680520899368, 0.24451030000592722, 0.2307110374624079, 0.22175820352453174, 0.1948729439666777, 0.2228537793412353, 0.22119001412030423, 0.19697815676530203, 0.16611945335612152, 0.18087008979284402, 0.14662534483905995, 0.124957913024859, 0.23603635969938655, 0.17301039454160314, 0.1416816528547894, 0.1601977770527204, 0.1156292153578816, 0.11245478080077605, 0.10021311896994259, 0.10358819427589576, 0.09624161337022528]","[0.5151556384834376, 0.41323073637304886, 0.4214415358323039, 0.4169955337137887, 0.4359444178866618, 0.42371555304888525, 0.42754663109327806, 0.4290269213643941, 0.42820683832872997, 0.37924846814888896, 0.37773867098219466, 0.368465817110105, 0.3658878616988659, 0.3707114447924224, 0.36300535838712344, 0.35476740991527383, 0.35520040943767084, 0.35971699090618076, 0.35285727736173256, 0.34436467256058345, 0.34728627143935725, 0.3430833796208555, 0.3297699950635433, 0.3356012539430098, 0.3262830933160854, 0.3204047344624996, 0.3177435147491368, 0.3023683935065161, 0.3030348632371787, 0.28639470571369835, 0.2682263565560182, 0.25663656216453423, 0.2438287173934055, 0.2316918403869777, 0.22464512596189073, 0.3235554164839965, 0.25304884773989517, 0.2235810641820232, 0.20765034196841897, 0.19636116670726828, 0.16904877216526956, 0.19215854023103462, 0.21489346478924606, 0.1864852054383267, 0.16982402330772442, 0.1462907506519872, 0.13544385650223403, 0.12245061475727143, 0.1101394498466768, 0.10834986733442004]",57,grid_search
7,5,64,256,256,2,0.5,0.001,0.001,32,0.9112627986348124,0.9442379182156134,0.872852233676976,0.9071428571428573,0.4778156996587031,0.0255972696245733,0.0631399317406143,0.4334470989761092,"[0.3934312029318376, 0.28179220719770953, 0.3223015417655309, 0.32722223256573535, 0.3259681151671843, 0.33839068268284656, 0.33126524993867584, 0.32598013227636163, 0.32186826837785315, 0.3205633167967652, 0.31708725609562616]","[0.4040366180918433, 0.3707401526696754, 0.36111800880594686, 0.35914307234413695, 0.3429373520793337, 0.3906067476579637, 0.36784621452291805, 0.3635338485015161, 0.3557760909651265, 0.34920926956516324, 0.34310621429573407]",60,grid_search
7,5,64,256,256,2,0.5,0.01,0.0001,128,0.924914675767918,0.9660377358490566,0.8797250859106529,0.920863309352518,0.4880546075085324,0.015358361774744,0.0597269624573378,0.4368600682593856,"[0.35413416226704914, 0.31471898820665145, 0.3328708873854743, 0.334965533680386, 0.37131396267149186, 0.3299722770849864, 0.2994020945496029, 0.28885088364283246, 0.29997002912892234, 0.28467678527037305, 0.2566746142175462, 0.3766308062606388, 0.2667425142394172, 0.2390696621603436, 0.2701591071155336, 0.23275182810094622, 0.23013629184828865, 0.22169219619697994, 0.2084159106016159, 0.25832660330666435, 0.22601770361264548, 0.40180854002634686, 0.31894318262736004, 0.3082103927930196, 0.3052266405688392, 0.302080147796207, 0.30243557029300266, 0.30038370026482475]","[0.5370303401441285, 0.3863749106725057, 0.3715498564821301, 0.3769768846757484, 0.3648313916090763, 0.3752963028170846, 0.34418118406425824, 0.32649918036027387, 0.3362258627559199, 0.3281458191799395, 0.30990342299143475, 0.29172085722287494, 0.2951793083638856, 0.2803620718645327, 0.26413450277212897, 0.2471546372680953, 0.2514868997263186, 0.22889305019017422, 0.2264098199931058, 0.23568401824344287, 0.21042609056740097, 0.3760631797891675, 0.372529638987599, 0.34932757010965637, 0.3422254369114385, 0.3362951730236863, 0.33292980537270056, 0.33572115591078094]",59,grid_search
7,5,64,256,256,2,0.5,0.001,0.001,128,0.9351535836177476,0.9702602230483272,0.8969072164948454,0.9321428571428572,0.4897610921501706,0.0136518771331058,0.0511945392491467,0.4453924914675768,"[0.3398606975873311, 0.28384063641230267, 0.3304854863219791, 0.2093949102693134, 0.3160291976398892, 0.389383637242847, 0.3374073935879601, 0.3300666676627265, 0.3220352696047889, 0.31881393326653373, 0.315218769841724, 0.3120291729768117, 0.3109525740146637]","[0.47761320255019446, 0.3570477565129598, 0.3703422618634773, 0.31586026513215265, 0.4060294729742137, 0.4421204960707462, 0.37778695153467584, 0.3553655987436121, 0.3516695671009295, 0.3416694989710143, 0.3377898678635106, 0.3386549985770023, 0.3316633859367082]",62,grid_search
7,5,64,256,256,2,0.5,0.001,0.0001,32,0.89419795221843,0.8989547038327527,0.8865979381443299,0.8927335640138409,0.4539249146757679,0.0494880546075085,0.0563139931740614,0.4402730375426621,"[0.3310598220789071, 0.32591528287439636, 0.3659964623776349, 0.3316687639012481, 0.30130514773455536, 0.365689524195411, 0.3210580005790248, 0.3130262891451518, 0.3164783671046748, 0.3058417583956863, 0.30247962881218304, 0.3053107496463891, 0.3043040858976769, 0.302686687671777]","[0.4123531537074031, 0.366254991315531, 0.4095075683047374, 0.3861288223980051, 0.35477261358138285, 0.33718085582509183, 0.3650888582747994, 0.3613474436781623, 0.3457008009268479, 0.3402985796106584, 0.33574888753620064, 0.33505460744102794, 0.33258811565059604, 0.32695563318151416]",63,grid_search
7,5,64,256,256,2,0.5,0.001,0.001,64,0.9761092150170648,0.99288256227758,0.9587628865979382,0.9755244755244756,0.5,0.0034129692832764,0.0204778156996587,0.4761092150170648,"[0.3367971006561728, 0.2992946496781181, 0.2533116419525707, 0.3269241732709548, 0.33854858314289765, 0.443412885946386, 0.2611784864874447, 0.1848294866435668, 0.15010463227243984, 0.40007321624194875, 0.1305475305108463, 0.14624664187431335, 0.13427306382971652, 0.12478242420098361, 0.11999922223827418, 0.10544299936908133, 0.1270281023838941, 0.11640116879168678, 0.10122719560475911, 0.2481935103149975, 0.13151369725956635, 0.24591226525166454, 0.10640033224926275, 0.10581951960921288, 0.10030481000156964, 0.09944139705861316, 0.12686029580586097, 0.13071370015249534, 0.10520390968988924, 0.09849223472616252, 0.10016050562262535, 0.09976973165484036, 0.09693090310868095, 0.09492403597516172, 0.09706586971879005, 0.09739820922122282, 0.09526618986445315, 0.09764264019973137, 0.09739439803011277, 0.09761341113378019, 0.09757248772417798, 0.09726100502645268, 0.09724966524278417]","[0.43049341665975976, 0.34211142496629193, 0.3455864200086305, 0.338105430205663, 0.29407840447895456, 0.3390344559694781, 0.3287171759840214, 0.2630917223339731, 0.18544390842770087, 0.17430262515942255, 0.20284444759740974, 0.1615749868479642, 0.1697373605813041, 0.2000282651773005, 0.22169229625300926, 0.15096490248811967, 0.24679302463703084, 0.1572025508591623, 0.1670337011190978, 0.13210101103918118, 0.1493943499570543, 0.18232991309328514, 0.15288504884775841, 0.14617001050800987, 0.1340522843441277, 0.12996887291471163, 0.12428899459315068, 0.2252289541065693, 0.16001430283667464, 0.14186425879597664, 0.1329043498544982, 0.13797211869986672, 0.1226051730301344, 0.12482642907310616, 0.1251767541874539, 0.11991995409356826, 0.12305343726819212, 0.12228993507045688, 0.11925046397090862, 0.12035755525258454, 0.11637312049667041, 0.11577408647898471, 0.1175311648032882]",61,grid_search
7,5,64,256,256,2,0.5,0.001,0.0001,64,0.9590443686006824,0.992619926199262,0.9243986254295532,0.9572953736654805,0.5,0.0034129692832764,0.0375426621160409,0.4590443686006826,"[0.26385097205638885, 0.39338044734562144, 0.3325255723560558, 0.33194247940007376, 0.2791227575610666, 0.25961418099263134, 0.22229956353411956, 0.16892549527042053, 0.1351829806671423, 0.14079281556255677, 0.1795553819221609, 0.40325281549902525, 0.652256636058583, 0.6059852347654455, 0.5474959261277142, 0.5389197924557854, 0.536590237827862, 0.5337425961213953]","[0.41193821303772205, 0.38661320891344186, 0.32675424872925785, 0.31043330738038727, 0.3758931320273515, 0.3033408795793851, 0.28470228589845425, 0.2386958095611948, 0.195802990347147, 0.19655450354471352, 0.16127540402565943, 0.17651296931911598, 0.44889298882899864, 0.6004138597936342, 0.5726259170156537, 0.5618540188579848, 0.5396876980861028, 0.5379933353626367]",64,grid_search
7,5,64,256,256,2,0.5,0.001,0.0001,128,0.931740614334471,0.966542750929368,0.8934707903780069,0.9285714285714286,0.4880546075085324,0.015358361774744,0.0529010238907849,0.4436860068259385,"[0.35482650995254517, 0.3042021261321174, 0.2826611234082116, 0.3542995552221934, 0.13285680363575617, 0.25843343635400134, 0.6709855066405402, 0.32251425253020394, 0.3044424189461602, 0.2998608715004391, 0.2939113179842631, 0.2871703902880351, 0.2780783027410507, 0.2768526077270508]","[0.4625387471733671, 0.36162930727005005, 0.3260181112722917, 0.3223372539787581, 0.30334433461680554, 0.26633786793911096, 0.268692569750728, 0.4072872255787705, 0.34164877371354535, 0.32892256930018915, 0.3223978493249778, 0.3171484488429445, 0.3104574368758635, 0.30539332465692]",65,grid_search
7,5,64,256,256,2,0.5,0.0001,0.001,64,0.9522184300341296,0.99250936329588,0.9106529209621992,0.949820788530466,0.5,0.0034129692832764,0.0443686006825938,0.4522184300341297,"[0.5244550038786495, 0.361625133191838, 0.34658008463242473, 0.3176269653965445, 0.15452053222586126, 0.22600350309820735, 0.15488036678117864, 0.18731546270496705, 0.3063069397912306, 0.19254466715980978, 0.12675928346374454, 0.09968830886132576, 0.10787705090992591, 0.16848210815121145, 0.13680875279447613, 0.13714157066801014, 0.15249369797461174, 0.1448354114066152, 0.1362272069296416, 0.13563248953398535, 0.1359661946840146]","[0.5881256271492351, 0.4293879243460568, 0.37213439720146585, 0.349780202815027, 0.26607203218295716, 0.2599570592018691, 0.20195102578762805, 0.2720285743813623, 0.15395535432705373, 0.14714978646599886, 0.11441908940447099, 0.153189083899964, 0.11670150997286494, 0.11972619282702605, 0.12363780171356419, 0.1105484129917441, 0.10736963689101464, 0.10459176400168375, 0.10765468656565204, 0.10204859506903273, 0.1098432204488552]",67,grid_search
7,5,64,256,256,2,0.5,0.0001,0.001,32,0.9573378839590444,0.9854014598540146,0.9278350515463918,0.9557522123893806,0.4965870307167235,0.0068259385665529,0.0358361774744027,0.4607508532423208,"[0.3804018831614292, 0.35186208829735266, 0.2663459506901828, 0.33009596033529803, 0.31090762353304663, 0.17253545920054117, 0.15291677516969768, 0.17856667800383133, 0.14608530034170006, 0.1177175622997862, 0.1257519724807053, 0.13377045738426122, 0.12916356991186287, 0.13022670860994945, 0.10541800341822884, 0.1223972136662765, 0.13164384713904423, 0.10621914724734696, 0.08808202804489569, 0.08858690416496812, 0.07399801136643598, 0.08080122574712291, 0.0885808618005478, 0.08161814917217601, 0.08105073112881545, 0.08419383311587753, 0.09088035819656921, 0.0824311025666468, 0.08578485848777222, 0.08667096281141946]","[0.5266711814611247, 0.3729210219374209, 0.34514734809371556, 0.30831164745331713, 0.3078810584477403, 0.24343672358064036, 0.17854514709589156, 0.18641456318172542, 0.17579841505115232, 0.16734682579496593, 0.19411849842943024, 0.2214054332086534, 0.1730554852437115, 0.14388336458553871, 0.12474558893308947, 0.10109367352825674, 0.11665253335553588, 0.10101978866044771, 0.11453114191747525, 0.0891910889468184, 0.09648904884516289, 0.09988764514723285, 0.09415253003438313, 0.08610389136822161, 0.08573028161613779, 0.07078919451768426, 0.07998191333855643, 0.07727979717663291, 0.07713694875410786, 0.07153903226593905]",66,grid_search
7,5,64,256,256,2,0.5,0.0001,0.001,128,0.938566552901024,0.9235880398671096,0.9553264604810996,0.9391891891891893,0.4641638225255973,0.0392491467576791,0.0221843003412969,0.4744027303754266,"[0.5799477828873528, 0.5028916564252641, 0.37978029251098633, 0.35307159688737655, 0.34780389070510864, 0.3352628019120958, 0.32547784845034283, 0.24824466473526424, 0.17713876648081672, 0.18164599438508353, 0.1595345222287708, 0.49438249733712936, 0.18328606254524654, 0.20785153077708352, 0.18362661451101303, 0.2229036788145701, 0.20857850379414028, 0.1854375186893675, 0.22024986810154384, 0.22054224875238207]","[0.6168134591796182, 0.5378011266390482, 0.4331986524842002, 0.38192010919253033, 0.36505292943029694, 0.3571123643354936, 0.34783883437965857, 0.3190277394923297, 0.23754933927998398, 0.19026282678047815, 0.18845305241870158, 0.15646941327687466, 0.2552319358695637, 0.17262361334128815, 0.15010885645945868, 0.14212784396879602, 0.12728427677895082, 0.1167088495285222, 0.12516972783840064, 0.125216736712239]",68,grid_search
7,5,64,256,256,2,0.5,0.0001,0.0001,32,0.9590443686006824,0.992619926199262,0.9243986254295532,0.9572953736654805,0.5,0.0034129692832764,0.0375426621160409,0.4590443686006826,"[0.37212013927373017, 0.3492541841485284, 0.22270821915431457, 0.19447020689646402, 0.1460588931134253, 0.0934830517931418, 0.16504628245126118, 0.20703250169754028, 0.35618437194462976, 0.18913785165006464, 0.17099406073490778, 0.1598366845512029, 0.13938033750111406, 0.12847682370832472, 0.12675066755125017]","[0.5009275145377173, 0.3745865547521548, 0.31169564384176873, 0.32018456356882147, 0.20883466831098, 0.17908568776240855, 0.22288119468386425, 0.29228093271905725, 0.16503341098062016, 0.3996352538127791, 0.20057920039151655, 0.1750713697154865, 0.1504836059316541, 0.13652415274444854, 0.1210196844273896]",69,grid_search
7,5,64,256,256,2,0.5,0.0001,0.0001,64,0.9590443686006824,0.9854545454545456,0.9312714776632304,0.9575971731448764,0.4965870307167235,0.0068259385665529,0.0341296928327645,0.462457337883959,"[0.4708750896594104, 0.3620527930119458, 0.350397890104967, 0.21124662984819972, 0.23860077384640188, 0.34302332822014303, 0.16201136962455862, 0.1868065784082693, 0.14926219293299844, 0.09635244156507884, 0.1473353658528889, 0.2250847991775064, 0.2860688391853781, 0.13977811660836725, 0.12188790760496084, 0.11000399072380627, 0.1306604843805818, 0.15085028878906193, 0.13951386423671946]","[0.5687176463278857, 0.3968064301844799, 0.3681218922138214, 0.3272771496664394, 0.23128087491248595, 0.2242235711803942, 0.21285358522877548, 0.1979755860838023, 0.13336784189397638, 0.17843699951966605, 0.15038969175833644, 0.2103112768946272, 0.19151341971574407, 0.1612068120615952, 0.15217140023455475, 0.13970812720557055, 0.1292986865860946, 0.1139335073530674, 0.11267749112889622]",70,grid_search
7,5,64,256,256,2,0.5,0.0001,0.0001,128,0.8617747440273038,0.8162650602409639,0.9312714776632303,0.869983948635634,0.3993174061433447,0.10409556313993173,0.034129692832764506,0.46245733788395904,"[0.5711187918980917, 0.4387881126668718, 0.37237722012731767, 0.3588482009039985, 0.33864079581366646, 0.33704036805364823, 0.2992703947756026, 0.3357902202341292, 0.3307657672299279, 0.3225313987996843, 0.31541141205363804, 0.3132184048493703, 0.31052879161304897, 0.30908922023243374, 0.3064451217651367, 0.3061530457602607]","[0.6139070265220873, 0.5085529305718162, 0.39594898530931183, 0.37381098758090625, 0.3607536021507148, 0.35069621241453924, 0.3361451445203839, 0.37129070271145215, 0.3353504538536072, 0.32633581576925336, 0.313896581530571, 0.30566625116449414, 0.30128785832361743, 0.30009676832141297, 0.2961198380499175, 0.2963420098478144]",71,grid_search
